locus	stress	time	resolution	chr	start	end	control24	stress24	delta24	controlCHH	stressCHH	deltaCHH	mid
HSP101_heat_gain	heat	6h	100	1	27933900	27934000	0.0	0.0	0.0	0.0166666666666666	0.0208333333333332	0.0041666666666666	27933950.0
HSP101_heat_gain	heat	6h	100	1	27934000	27934100	0.0455293166	0.0	-0.0455293166	0.0241013071895424	0.0465686274509802	0.0224673202614378	27934050.0
HSP101_heat_gain	heat	6h	100	1	27934100	27934200	0.0	0.0	0.0	0.0493375728669846	0.010195679550518297	-0.0391418933164663	27934150.0
HSP101_heat_gain	heat	6h	100	1	27934200	27934300	0.0	0.0	0.0	0.0396825396825396	0.0502396514161219	0.0105571117335823	27934250.0
HSP101_heat_gain	heat	6h	100	1	27934300	27934400	0.0	0.0	0.0	0.0147041062801932	0.0060185185185184994	-0.0086855877616747	27934350.0
HSP101_heat_gain	heat	6h	100	1	27934400	27934500	0.0	0.0	0.0	0.0393537713059403	0.006912442396313299	-0.032441328909627	27934450.0
HSP101_heat_gain	heat	6h	100	1	27934500	27934600	0.0	0.0	0.0	0.0721455627705627	0.0382495590828924	-0.0338960036876703	27934550.0
HSP101_heat_gain	heat	6h	100	1	27934600	27934700	0.0	0.0	0.0	0.0217391304347826	0.0592362548884287	0.0374971244536461	27934650.0
HSP101_heat_gain	heat	6h	100	1	27934700	27934800	0.0	0.0	0.0	0.0285273368606701	0.0327388359091256	0.0042114990484555	27934750.0
HSP101_heat_gain	heat	6h	100	1	27934800	27934900	0.0	0.0	0.0	0.0339569160997732	0.0190527726242012	-0.014904143475572	27934850.0
HSP101_heat_gain	heat	6h	100	1	27934900	27935000	0.0	0.0	0.0	0.0170273440010281	0.031065759637188002	0.0140384156361599	27934950.0
HSP101_heat_gain	heat	6h	100	1	27935000	27935100	0.0	0.0	0.0	0.0714038231780166	0.035931882531041605	-0.035471940646975	27935050.0
HSP101_heat_gain	heat	6h	100	1	27935100	27935200	0.0	0.0	0.0	0.0467592592592592	0.0443113213946547	-0.0024479378646045	27935150.0
HSP101_heat_gain	heat	6h	100	1	27935200	27935300	0.0	0.0	0.0	0.0486834388927984	0.0334536791433342	-0.0152297597494642	27935250.0
HSP101_heat_gain	heat	6h	100	1	27935300	27935400	0.0	0.0	0.0	0.0654679232804232	0.0156759259259259	-0.0497919973544973	27935350.0
HSP101_heat_gain	heat	6h	100	1	27935400	27935500	0.0	0.0	0.0	0.0897435897435897	0.0560044218898385	-0.0337391678537512	27935450.0
HSP101_heat_gain	heat	6h	100	1	27935500	27935600	0.0	0.0	0.0	0.05718954248366	0.037104377104377	-0.020085165379283	27935550.0
HSP101_heat_gain	heat	6h	100	1	27935600	27935700	0.0	0.0	0.0	0.1296066252587991	0.042693236714975796	-0.0869133885438233	27935650.0
HSP101_heat_gain	heat	6h	100	1	27935700	27935800	0.0	0.0	0.0	0.0216269841269841	0.1273254523254523	0.1056984681984682	27935750.0
HSP101_heat_gain	heat	6h	100	1	27935800	27935900	0.0	0.0	0.0	0.0543154761904761	0.0537037037037036	-0.0006117724867725	27935850.0
HSP101_heat_gain	heat	6h	100	1	27935900	27936000	0.0	0.0	0.0	0.0250723610372732	0.1882616487455196	0.1631892877082464	27935950.0
HSP101_heat_gain	heat	6h	100	1	27936000	27936100	0.0	0.0	0.0	0.0294871794871794	0.061277842527842394	0.031790663040663	27936050.0
HSP101_heat_gain	heat	6h	100	1	27936100	27936200	0.0	0.0	0.0	0.0128205128205128	0.1319885361552027	0.1191680233346899	27936150.0
HSP101_heat_gain	heat	6h	100	1	27936200	27936300	0.0	0.0	0.0	0.0013717421124828	0.07449494949494939	0.0731232073824666	27936250.0
HSP101_heat_gain	heat	6h	100	1	27936300	27936400	0.0	0.0	0.0	0.05210277214334	0.022414622414622398	-0.0296881497287176	27936350.0
HSP101_heat_gain	heat	6h	100	1	27936400	27936500	0.0	0.0500288537	0.0500288537	0.0423768939393939	0.005050505050505104	-0.0373263888888888	27936450.0
HSP101_heat_gain	heat	6h	100	1	27936500	27936600	0.0	0.0	0.0	0.027662037037037	0.0193838183421517	-0.0082782186948853	27936550.0
HSP101_heat_gain	heat	6h	100	1	27936600	27936700	0.0	0.4768105642	0.4768105642	0.0067451131687242	0.0267857142857141	0.0200406011169899	27936650.0
HSP101_heat_gain	heat	6h	100	1	27936700	27936800	0.1390448539	0.8025102646	0.6634654107	0.0248179803735358	0.19301075268817192	0.1681927723146361	27936750.0
HSP101_heat_gain	heat	6h	100	1	27936800	27936900	0.0	0.6189095659	0.6189095659	0.0603014916186958	0.1904385158242099	0.1301370242055141	27936850.0
HSP101_heat_gain	heat	6h	100	1	27936900	27937000	0.1390448539	0.9536211284	0.8145762745	0.0714474414474414	0.06693034634211101	-0.0045170951053304	27936950.0
HSP101_heat_gain	heat	6h	100	1	27937000	27937100	0.0	0.0558751933	0.0558751933	0.0326719576719576	0.2556076388888888	0.2229356812169312	27937050.0
HSP101_heat_gain	heat	6h	100	1	27937100	27937200	0.0	0.2873635259	0.2873635259	0.0525132275132274	0.0	-0.0525132275132274	27937150.0
HSP101_heat_gain	heat	6h	100	1	27937200	27937300	0.0	0.5885609508	0.5885609508	0.0429329929329928	0.019809203142536397	-0.0231237897904564	27937250.0
HSP101_heat_gain	heat	6h	100	1	27937300	27937400	0.0	0.3767528568	0.3767528568	0.0394631410256409	0.026867979090201298	-0.0125951619354396	27937350.0
HSP101_heat_gain	heat	6h	100	1	27937400	27937500	0.0	0.225641993	0.225641993	0.0118298368298368	0.10993265993265991	0.0981028231028231	27937450.0
HSP101_heat_gain	heat	6h	100	1	27937500	27937600	0.0	1.0350228999	1.0350228999	0.0333333333333333	0.0690789473684209	0.0357456140350876	27937550.0
HSP101_heat_gain	heat	6h	100	1	27937600	27937700	0.0	0.0	0.0	0.0059829059829059	0.013501455809148001	0.0075185498262421	27937650.0
HSP101_heat_gain	heat	6h	100	1	27937700	27937800	0.0	0.4267817105	0.4267817105	0.0498490192934637	0.0959595959595959	0.0461105766661322	27937750.0
HSP101_heat_gain	heat	6h	100	1	27937800	27937900	0.0	0.9376460095	0.9376460095	0.0310940016103059	0.0982249530636627	0.0671309514533568	27937850.0
HSP101_heat_gain	heat	6h	100	1	27937900	27938000	0.0	2.2100035815	2.2100035815	0.1240278496733523	0.2703362573099415	0.1463084076365892	27937950.0
HSP101_heat_gain	heat	6h	100	1	27938000	27938100	0.0	0.5805733913	0.5805733913	0.0891857168172956	0.048428731762065004	-0.0407569850552306	27938050.0
HSP101_heat_gain	heat	6h	100	1	27938100	27938200	0.0	0.3011974249	0.3011974249	0.1316534391534391	0.13976190476190462	0.0081084656084655	27938150.0
HSP101_heat_gain	heat	6h	100	1	27938200	27938300	0.0	0.3570726182	0.3570726182	0.0743089626422959	0.0399172652168294	-0.0343916974254665	27938250.0
HSP101_heat_gain	heat	6h	100	1	27938300	27938400	0.0	0.225641993	0.225641993	0.0629563492063491	0.0244319950202303	-0.0385243541861188	27938350.0
HSP101_heat_gain	heat	6h	100	1	27938400	27938500	0.0	0.1814594789	0.1814594789	0.0508304195804195	0.0572813297813297	0.0064509102009102	27938450.0
HSP101_heat_gain	heat	6h	100	1	27938500	27938600	0.0	0.5268394179	0.5268394179	0.0042087542087542	0.0409137159137158	0.0367049617049616	27938550.0
HSP101_heat_gain	heat	6h	100	1	27938600	27938700	0.0	0.3512262786	0.3512262786	0.0495169082125603	0.030510822510822502	-0.0190060857017378	27938650.0
HSP101_heat_gain	heat	6h	100	1	27938700	27938800	0.0	1.3143988663	1.3143988663	0.0318518518518518	0.022165694387916598	-0.0096861574639352	27938750.0
HSP101_heat_gain	heat	6h	100	1	27938800	27938900	0.0	0.0	0.0	0.038167735042735	0.0740351208403946	0.0358673857976596	27938850.0
HSP101_heat_gain	heat	6h	100	1	27938900	27939000	0.0	0.3629189578	0.3629189578	0.0212701893622945	0.0663457123684395	0.045075523006145	27938950.0
HSP101_heat_gain	heat	6h	100	1	27939000	27939100	0.0	0.4326280501	0.4326280501	0.0736568986568986	0.043742957809454	-0.0299139408474446	27939050.0
HSP101_heat_gain	heat	6h	100	1	27939100	27939200	0.0	0.8780656966	0.8780656966	0.1333180766479084	0.2035141289370611	0.0701960522891527	27939150.0
HSP101_heat_gain	heat	6h	100	1	27939200	27939300	0.0	0.3767528568	0.3767528568	0.0819611458500346	0.1971868451084136	0.115225699258379	27939250.0
HSP101_heat_gain	heat	6h	100	1	27939300	27939400	0.0	0.9035922747	0.9035922747	0.0733142604110345	0.17544519266741482	0.1021309322563803	27939350.0
HSP101_heat_gain	heat	6h	100	1	27939400	27939500	0.0	0.627921428	0.627921428	0.3214158390628979	0.04716049382716048	-0.2742553452357374	27939450.0
HSP101_heat_gain	heat	6h	100	1	27939500	27939600	0.0	0.5326857575	0.5326857575	0.1393826754423242	0.10775132275132279	-0.0316313526910014	27939550.0
HSP101_heat_gain	heat	6h	100	1	27939600	27939700	0.0	0.1000577074	0.1000577074	0.2358146323663563	0.1766397849462366	-0.0591748474201197	27939650.0
HSP101_heat_gain	heat	6h	100	1	27939700	27939800	0.0	0.1250721343	0.1250721343	0.0553917050691243	0.1387096774193547	0.0833179723502304	27939750.0
HSP101_heat_gain	heat	6h	100	1	27939800	27939900	0.0	0.0500288537	0.0500288537	0.0353190948385455	0.0850292397660817	0.0497101449275362	27939850.0
HSP101_heat_gain	heat	6h	100	1	27939900	27940000	0.0	0.0558751933	0.0558751933	0.0257756132756132	0.021372007622007604	-0.0044036056536056	27939950.0
HSP101_heat_gain	heat	6h	100	1	27940000	27940100	0.0	0.853563421	0.853563421	0.0229186795491143	0.0622240896358543	0.03930541008674	27940050.0
HSP101_heat_gain	heat	6h	100	1	27940100	27940200	0.0	0.0	0.0	0.0429574895092135	0.0752098157270569	0.0322523262178434	27940150.0
HSP101_heat_gain	heat	6h	100	1	27940200	27940300	0.0	0.0	0.0	0.0186660561660561	0.0283648113480045	0.0096987551819484	27940250.0
HSP101_heat_gain	heat	6h	100	1	27940300	27940400	0.0	0.0	0.0	0.0179100529100529	0.0190613852378557	0.0011513323278028	27940350.0
HSP101_heat_gain	heat	6h	100	1	27940400	27940500	0.0	0.0	0.0	0.0195480445480445	0.03105645262508	0.0115084080770355	27940450.0
HSP101_heat_gain	heat	6h	100	1	27940500	27940600	0.0	0.0	0.0	0.0340094603252497	0.0273559773559773	-0.0066534829692724	27940550.0
HSP101_heat_gain	heat	6h	100	1	27940600	27940700	0.0	0.0	0.0	0.0300215357033538	0.023213528895347002	-0.0068080068080068	27940650.0
HSP101_heat_gain	heat	6h	100	1	27940700	27940800	0.0	0.0	0.0	0.0289882956549622	0.030757642563198	0.0017693469082358	27940750.0
HSP101_heat_gain	heat	6h	100	1	27940800	27940900	0.0	0.0	0.0	0.0269305385972051	0.0443106489083499	0.0173801103111448	27940850.0
HSP101_heat_gain	heat	6h	100	1	27940900	27941000	0.0	0.0	0.0	0.0316137566137566	0.0381357668394704	0.0065220102257138	27940950.0
HSP101_heat_gain	heat	6h	100	1	27941000	27941100	0.0	0.0	0.0	0.0307936507936507	0.0342279942279941	0.0034343434343434	27941050.0
HSP101_heat_gain	heat	6h	100	1	27941100	27941200	0.0	0.0	0.0	0.0513768115942028	0.0254015308363134	-0.0259752807578894	27941150.0
HSP101_heat_gain	heat	6h	100	1	27941200	27941300	0.0	0.0	0.0	0.0109448504282095	0.0042284827441078	-0.0067163676841017	27941250.0
HSP101_heat_gain	heat	6h	100	1	27941300	27941400	0.0	0.0	0.0	0.0356162900280547	0.029081893052481298	-0.0065343969755734	27941350.0
HSP101_heat_gain	heat	6h	100	1	27941400	27941500	0.0	0.0	0.0	0.0291486291486291	0.0523309323729491	0.02318230322432	27941450.0
HSP101_heat_gain	heat	6h	100	1	27941500	27941600	0.0	0.0558751933	0.0558751933	0.0326505332716512	0.0675638371290544	0.0349133038574032	27941550.0
HSP101_heat_gain	heat	6h	100	1	27941600	27941700	0.0	0.0	0.0	0.0473940670737008	0.020807453416149	-0.0265866136575518	27941650.0
HSP101_heat_gain	heat	6h	100	1	27941700	27941800	0.0	0.0	0.0	0.0333880678708264	0.031253420908593295	-0.0021346469622331	27941750.0
HSP101_heat_gain	heat	6h	100	1	27941800	27941900	0.0	0.0	0.0	0.0185757575757575	0.021529538837231	0.0029537812614735	27941850.0
HSP101_heat_gain	heat	6h	100	1	27941900	27942000	0.0	0.0558751933	0.0558751933	0.0097777777777777	0.019996520198566098	0.0102187424207884	27941950.0
HSP101_heat_gain	heat	6h	100	1	27942000	27942100	0.0	0.0500288537	0.0500288537	0.0190656565656564	0.0209391534391533	0.0018734968734969	27942050.0
HSP101_heat_gain	heat	6h	100	1	27942100	27942200	0.0	0.0	0.0	0.0304282562903252	0.028434592227695697	-0.0019936640626295	27942150.0
HSP101_heat_gain	heat	6h	100	1	27942200	27942300	0.0	0.0	0.0	0.031383712905452	0.0253466340422862	-0.0060370788631658	27942250.0
HSP101_heat_gain	heat	6h	100	1	27942300	27942400	0.0	0.0	0.0	0.0263888888888888	0.028049008604564	0.0016601197156752	27942350.0
HSP101_heat_gain	heat	12h	100	1	27933900	27934000	0.0	0.0	0.0	0.0166666666666666	0.0261243386243385	0.0094576719576719	27933950.0
HSP101_heat_gain	heat	12h	100	1	27934000	27934100	0.0455293166	0.0	-0.0455293166	0.0241013071895424	0.0516476034858387	0.0275462962962963	27934050.0
HSP101_heat_gain	heat	12h	100	1	27934100	27934200	0.0	0.0	0.0	0.0493375728669846	0.0546972997953389	0.0053597269283543	27934150.0
HSP101_heat_gain	heat	12h	100	1	27934200	27934300	0.0	0.0	0.0	0.0396825396825396	0.0168253968253967	-0.0228571428571429	27934250.0
HSP101_heat_gain	heat	12h	100	1	27934300	27934400	0.0	0.0	0.0	0.0147041062801932	0.030050505050505	0.0153463987703118	27934350.0
HSP101_heat_gain	heat	12h	100	1	27934400	27934500	0.0	0.0	0.0	0.0393537713059403	0.03840245775729639	-0.0009513135486439	27934450.0
HSP101_heat_gain	heat	12h	100	1	27934500	27934600	0.0	0.0	0.0	0.0721455627705627	0.027568843193843194	-0.0445767195767195	27934550.0
HSP101_heat_gain	heat	12h	100	1	27934600	27934700	0.0	0.0	0.0	0.0217391304347826	0.0	-0.0217391304347826	27934650.0
HSP101_heat_gain	heat	12h	100	1	27934700	27934800	0.0	0.0	0.0	0.0285273368606701	0.0241622574955908	-0.0043650793650793	27934750.0
HSP101_heat_gain	heat	12h	100	1	27934800	27934900	0.0	0.0	0.0	0.0339569160997732	0.0314909297052154	-0.0024659863945578	27934850.0
HSP101_heat_gain	heat	12h	100	1	27934900	27935000	0.0	0.0	0.0	0.0170273440010281	0.0323223733938018	0.0152950293927737	27934950.0
HSP101_heat_gain	heat	12h	100	1	27935000	27935100	0.0	0.0	0.0	0.0714038231780166	0.03716504522956131	-0.0342387779484553	27935050.0
HSP101_heat_gain	heat	12h	100	1	27935100	27935200	0.0	0.0	0.0	0.0467592592592592	0.0221998521630874	-0.0245594070961718	27935150.0
HSP101_heat_gain	heat	12h	100	1	27935200	27935300	0.0	0.0	0.0	0.0486834388927984	0.0253976547079995	-0.0232857841847989	27935250.0
HSP101_heat_gain	heat	12h	100	1	27935300	27935400	0.0	0.0	0.0	0.0654679232804232	0.018836805555555496	-0.0466311177248677	27935350.0
HSP101_heat_gain	heat	12h	100	1	27935400	27935500	0.0	0.0	0.0	0.0897435897435897	0.013868723532970403	-0.0758748662106193	27935450.0
HSP101_heat_gain	heat	12h	100	1	27935500	27935600	0.0	0.0	0.0	0.05718954248366	0.0341991341991341	-0.0229904082845259	27935550.0
HSP101_heat_gain	heat	12h	100	1	27935600	27935700	0.0	0.0	0.0	0.1296066252587991	0.014975845410627991	-0.1146307798481711	27935650.0
HSP101_heat_gain	heat	12h	100	1	27935700	27935800	0.0	0.0	0.0	0.0216269841269841	0.0158730158730159	-0.0057539682539682	27935750.0
HSP101_heat_gain	heat	12h	100	1	27935800	27935900	0.0	0.0	0.0	0.0543154761904761	0.0326234841762792	-0.0216919920141969	27935850.0
HSP101_heat_gain	heat	12h	100	1	27935900	27936000	0.0	0.0	0.0	0.0250723610372732	0.044182566404788404	0.0191102053675152	27935950.0
HSP101_heat_gain	heat	12h	100	1	27936000	27936100	0.0	0.0	0.0	0.0294871794871794	0.0132168458781361	-0.0162703336090433	27936050.0
HSP101_heat_gain	heat	12h	100	1	27936100	27936200	0.0	0.0	0.0	0.0128205128205128	0.019708361813624897	0.0068878489931121	27936150.0
HSP101_heat_gain	heat	12h	100	1	27936200	27936300	0.0	0.0	0.0	0.0013717421124828	0.0248964803312628	0.02352473821878	27936250.0
HSP101_heat_gain	heat	12h	100	1	27936300	27936400	0.0	0.0	0.0	0.05210277214334	0.029494348244348198	-0.0226084238989918	27936350.0
HSP101_heat_gain	heat	12h	100	1	27936400	27936500	0.0	0.0500288537	0.0500288537	0.0423768939393939	0.0256923564894579	-0.016684537449936	27936450.0
HSP101_heat_gain	heat	12h	100	1	27936500	27936600	0.0	0.0	0.0	0.027662037037037	0.0579466594865145	0.0302846224494775	27936550.0
HSP101_heat_gain	heat	12h	100	1	27936600	27936700	0.0	0.4768105642	0.4768105642	0.0067451131687242	0.054118566618566497	0.0473734534498423	27936650.0
HSP101_heat_gain	heat	12h	100	1	27936700	27936800	0.1390448539	0.8025102646	0.6634654107	0.0248179803735358	0.0434385695421348	0.018620589168599	27936750.0
HSP101_heat_gain	heat	12h	100	1	27936800	27936900	0.0	0.6189095659	0.6189095659	0.0603014916186958	0.30322416532093943	0.2429226737022436	27936850.0
HSP101_heat_gain	heat	12h	100	1	27936900	27937000	0.1390448539	0.9536211284	0.8145762745	0.0714474414474414	0.4279332830469194	0.356485841599478	27936950.0
HSP101_heat_gain	heat	12h	100	1	27937000	27937100	0.0	0.0558751933	0.0558751933	0.0326719576719576	0.0990622929771002	0.0663903353051426	27937050.0
HSP101_heat_gain	heat	12h	100	1	27937100	27937200	0.0	0.2873635259	0.2873635259	0.0525132275132274	0.0943109253454079	0.0417976978321805	27937150.0
HSP101_heat_gain	heat	12h	100	1	27937200	27937300	0.0	0.5885609508	0.5885609508	0.0429329929329928	0.029966329966329898	-0.0129666629666629	27937250.0
HSP101_heat_gain	heat	12h	100	1	27937300	27937400	0.0	0.3767528568	0.3767528568	0.0394631410256409	0.0895394577584118	0.0500763167327709	27937350.0
HSP101_heat_gain	heat	12h	100	1	27937400	27937500	0.0	0.225641993	0.225641993	0.0118298368298368	0.0625396825396825	0.0507098457098457	27937450.0
HSP101_heat_gain	heat	12h	100	1	27937500	27937600	0.0	1.0350228999	1.0350228999	0.0333333333333333	0.11773651045681689	0.0844031771234836	27937550.0
HSP101_heat_gain	heat	12h	100	1	27937600	27937700	0.0	0.0	0.0	0.0059829059829059	0.0312271062271061	0.0252442002442002	27937650.0
HSP101_heat_gain	heat	12h	100	1	27937700	27937800	0.0	0.4267817105	0.4267817105	0.0498490192934637	0.0665924069432841	0.0167433876498204	27937750.0
HSP101_heat_gain	heat	12h	100	1	27937800	27937900	0.0	0.9376460095	0.9376460095	0.0310940016103059	0.0462881562881562	0.0151941546778503	27937850.0
HSP101_heat_gain	heat	12h	100	1	27937900	27938000	0.0	2.2100035815	2.2100035815	0.1240278496733523	0.055856581689915	-0.0681712679834373	27937950.0
HSP101_heat_gain	heat	12h	100	1	27938000	27938100	0.0	0.5805733913	0.5805733913	0.0891857168172956	0.047801496077358105	-0.0413842207399375	27938050.0
HSP101_heat_gain	heat	12h	100	1	27938100	27938200	0.0	0.3011974249	0.3011974249	0.1316534391534391	0.0573219307167674	-0.0743315084366717	27938150.0
HSP101_heat_gain	heat	12h	100	1	27938200	27938300	0.0	0.3570726182	0.3570726182	0.0743089626422959	0.04758105951287771	-0.0267279031294182	27938250.0
HSP101_heat_gain	heat	12h	100	1	27938300	27938400	0.0	0.225641993	0.225641993	0.0629563492063491	0.0607491582491582	-0.0022071909571909	27938350.0
HSP101_heat_gain	heat	12h	100	1	27938400	27938500	0.0	0.1814594789	0.1814594789	0.0508304195804195	0.0494444444444444	-0.0013859751359751	27938450.0
HSP101_heat_gain	heat	12h	100	1	27938500	27938600	0.0	0.5268394179	0.5268394179	0.0042087542087542	0.0354066304066303	0.0311978761978761	27938550.0
HSP101_heat_gain	heat	12h	100	1	27938600	27938700	0.0	0.3512262786	0.3512262786	0.0495169082125603	0.0352967772967773	-0.014220130915783	27938650.0
HSP101_heat_gain	heat	12h	100	1	27938700	27938800	0.0	1.3143988663	1.3143988663	0.0318518518518518	0.0427983539094649	0.0109465020576131	27938750.0
HSP101_heat_gain	heat	12h	100	1	27938800	27938900	0.0	0.0	0.0	0.038167735042735	0.015264827764827696	-0.0229029072779073	27938850.0
HSP101_heat_gain	heat	12h	100	1	27938900	27939000	0.0	0.3629189578	0.3629189578	0.0212701893622945	0.019598353644406197	-0.0016718357178883	27938950.0
HSP101_heat_gain	heat	12h	100	1	27939000	27939100	0.0	0.4326280501	0.4326280501	0.0736568986568986	0.018968013468013502	-0.0546888851888851	27939050.0
HSP101_heat_gain	heat	12h	100	1	27939100	27939200	0.0	0.8780656966	0.8780656966	0.1333180766479084	0.0632084403288024	-0.070109636319106	27939150.0
HSP101_heat_gain	heat	12h	100	1	27939200	27939300	0.0	0.3767528568	0.3767528568	0.0819611458500346	0.0847488048469062	0.0027876589968716	27939250.0
HSP101_heat_gain	heat	12h	100	1	27939300	27939400	0.0	0.9035922747	0.9035922747	0.0733142604110345	0.1066347026583093	0.0333204422472748	27939350.0
HSP101_heat_gain	heat	12h	100	1	27939400	27939500	0.0	0.627921428	0.627921428	0.3214158390628979	0.03509585652442798	-0.2863199825384699	27939450.0
HSP101_heat_gain	heat	12h	100	1	27939500	27939600	0.0	0.5326857575	0.5326857575	0.1393826754423242	0.12465610993561309	-0.0147265655067111	27939550.0
HSP101_heat_gain	heat	12h	100	1	27939600	27939700	0.0	0.1000577074	0.1000577074	0.2358146323663563	0.1089413722478238	-0.1268732601185325	27939650.0
HSP101_heat_gain	heat	12h	100	1	27939700	27939800	0.0	0.1250721343	0.1250721343	0.0553917050691243	0.026379928315412103	-0.0290117767537122	27939750.0
HSP101_heat_gain	heat	12h	100	1	27939800	27939900	0.0	0.0500288537	0.0500288537	0.0353190948385455	0.025021645021645	-0.0102974498169005	27939850.0
HSP101_heat_gain	heat	12h	100	1	27939900	27940000	0.0	0.0558751933	0.0558751933	0.0257756132756132	0.015184742158426402	-0.0105908711171868	27939950.0
HSP101_heat_gain	heat	12h	100	1	27940000	27940100	0.0	0.853563421	0.853563421	0.0229186795491143	0.0173809523809524	-0.0055377271681619	27940050.0
HSP101_heat_gain	heat	12h	100	1	27940100	27940200	0.0	0.0	0.0	0.0429574895092135	0.0296703296703296	-0.0132871598388839	27940150.0
HSP101_heat_gain	heat	12h	100	1	27940200	27940300	0.0	0.0	0.0	0.0186660561660561	0.0335368996083281	0.014870843442272	27940250.0
HSP101_heat_gain	heat	12h	100	1	27940300	27940400	0.0	0.0	0.0	0.0179100529100529	0.0220291119555825	0.0041190590455296	27940350.0
HSP101_heat_gain	heat	12h	100	1	27940400	27940500	0.0	0.0	0.0	0.0195480445480445	0.0203085997822839	0.0007605552342394	27940450.0
HSP101_heat_gain	heat	12h	100	1	27940500	27940600	0.0	0.0	0.0	0.0340094603252497	0.019818768745361502	-0.0141906915798882	27940550.0
HSP101_heat_gain	heat	12h	100	1	27940600	27940700	0.0	0.0	0.0	0.0300215357033538	0.018274878143299103	-0.0117466575600547	27940650.0
HSP101_heat_gain	heat	12h	100	1	27940700	27940800	0.0	0.0	0.0	0.0289882956549622	0.017750098949776798	-0.0112381967051854	27940750.0
HSP101_heat_gain	heat	12h	100	1	27940800	27940900	0.0	0.0	0.0	0.0269305385972051	0.0110168940870694	-0.0159136445101357	27940850.0
HSP101_heat_gain	heat	12h	100	1	27940900	27941000	0.0	0.0	0.0	0.0316137566137566	0.0279857659487289	-0.0036279906650277	27940950.0
HSP101_heat_gain	heat	12h	100	1	27941000	27941100	0.0	0.0	0.0	0.0307936507936507	0.0272380952380952	-0.0035555555555555	27941050.0
HSP101_heat_gain	heat	12h	100	1	27941100	27941200	0.0	0.0	0.0	0.0513768115942028	0.0325741890959282	-0.0188026224982746	27941150.0
HSP101_heat_gain	heat	12h	100	1	27941200	27941300	0.0	0.0	0.0	0.0109448504282095	0.009821428571428599	-0.0011234218567809	27941250.0
HSP101_heat_gain	heat	12h	100	1	27941300	27941400	0.0	0.0	0.0	0.0356162900280547	0.0337481962481963	-0.0018680937798584	27941350.0
HSP101_heat_gain	heat	12h	100	1	27941400	27941500	0.0	0.0	0.0	0.0291486291486291	0.008174603174603102	-0.020974025974026	27941450.0
HSP101_heat_gain	heat	12h	100	1	27941500	27941600	0.0	0.0558751933	0.0558751933	0.0326505332716512	0.0343690528473136	0.0017185195756624	27941550.0
HSP101_heat_gain	heat	12h	100	1	27941600	27941700	0.0	0.0	0.0	0.0473940670737008	0.013104648974214102	-0.0342894180994867	27941650.0
HSP101_heat_gain	heat	12h	100	1	27941700	27941800	0.0	0.0	0.0	0.0333880678708264	0.014887794198138998	-0.0185002736726874	27941750.0
HSP101_heat_gain	heat	12h	100	1	27941800	27941900	0.0	0.0	0.0	0.0185757575757575	0.022181522181522	0.0036057646057645	27941850.0
HSP101_heat_gain	heat	12h	100	1	27941900	27942000	0.0	0.0558751933	0.0558751933	0.0097777777777777	0.0253862433862432	0.0156084656084655	27941950.0
HSP101_heat_gain	heat	12h	100	1	27942000	27942100	0.0	0.0500288537	0.0500288537	0.0190656565656564	0.0237830687830686	0.0047174122174122	27942050.0
HSP101_heat_gain	heat	12h	100	1	27942100	27942200	0.0	0.0	0.0	0.0304282562903252	0.019818878439567998	-0.0106093778507572	27942150.0
HSP101_heat_gain	heat	12h	100	1	27942200	27942300	0.0	0.0	0.0	0.031383712905452	0.0162813434552565	-0.0151023694501955	27942250.0
HSP101_heat_gain	heat	12h	100	1	27942300	27942400	0.0	0.0	0.0	0.0263888888888888	0.018910667521778498	-0.0074782213671103	27942350.0
HSP101_heat_gain	heat	24h	100	1	27933900	27934000	0.0	0.0	0.0	0.0166666666666666	0.0289855072463767	0.0123188405797101	27933950.0
HSP101_heat_gain	heat	24h	100	1	27934000	27934100	0.0455293166	0.0	-0.0455293166	0.0241013071895424	0.028711484593837402	0.004610177404295	27934050.0
HSP101_heat_gain	heat	24h	100	1	27934100	27934200	0.0	0.0	0.0	0.0493375728669846	0.0385612885612886	-0.010776284305696	27934150.0
HSP101_heat_gain	heat	24h	100	1	27934200	27934300	0.0	0.0	0.0	0.0396825396825396	0.0887654320987653	0.0490828924162257	27934250.0
HSP101_heat_gain	heat	24h	100	1	27934300	27934400	0.0	0.0	0.0	0.0147041062801932	0.0122180451127819	-0.0024860611674113	27934350.0
HSP101_heat_gain	heat	24h	100	1	27934400	27934500	0.0	0.0	0.0	0.0393537713059403	0.010215053763440896	-0.0291387175424994	27934450.0
HSP101_heat_gain	heat	24h	100	1	27934500	27934600	0.0	0.0	0.0	0.0721455627705627	0.0977017195767195	0.0255561568061568	27934550.0
HSP101_heat_gain	heat	24h	100	1	27934600	27934700	0.0	0.0	0.0	0.0217391304347826	0.0157396950875212	-0.0059994353472614	27934650.0
HSP101_heat_gain	heat	24h	100	1	27934700	27934800	0.0	0.0	0.0	0.0285273368606701	0.019400352733686003	-0.0091269841269841	27934750.0
HSP101_heat_gain	heat	24h	100	1	27934800	27934900	0.0	0.0	0.0	0.0339569160997732	0.0300317902996475	-0.0039251258001257	27934850.0
HSP101_heat_gain	heat	24h	100	1	27934900	27935000	0.0	0.0	0.0	0.0170273440010281	0.033346415489272405	0.0163190714882443	27934950.0
HSP101_heat_gain	heat	24h	100	1	27935000	27935100	0.0	0.0	0.0	0.0714038231780166	0.018049155145929308	-0.0533546680320873	27935050.0
HSP101_heat_gain	heat	24h	100	1	27935100	27935200	0.0	0.0	0.0	0.0467592592592592	0.0061728395061728045	-0.0405864197530864	27935150.0
HSP101_heat_gain	heat	24h	100	1	27935200	27935300	0.0	0.0	0.0	0.0486834388927984	0.0016420361247947018	-0.0470414027680037	27935250.0
HSP101_heat_gain	heat	24h	100	1	27935300	27935400	0.0	0.0	0.0	0.0654679232804232	0.021469907407407396	-0.0439980158730158	27935350.0
HSP101_heat_gain	heat	24h	100	1	27935400	27935500	0.0	0.0	0.0	0.0897435897435897	0.0296893329981565	-0.0600542567454332	27935450.0
HSP101_heat_gain	heat	24h	100	1	27935500	27935600	0.0	0.0	0.0	0.05718954248366	0.003968253968253899	-0.0532212885154061	27935550.0
HSP101_heat_gain	heat	24h	100	1	27935600	27935700	0.0	0.0	0.0	0.1296066252587991	0.004227053140096609	-0.1253795721187025	27935650.0
HSP101_heat_gain	heat	24h	100	1	27935700	27935800	0.0	0.0	0.0	0.0216269841269841	0.1500350140056021	0.128408029878618	27935750.0
HSP101_heat_gain	heat	24h	100	1	27935800	27935900	0.0	0.0	0.0	0.0543154761904761	0.1444444444444444	0.0901289682539683	27935850.0
HSP101_heat_gain	heat	24h	100	1	27935900	27936000	0.0	0.0	0.0	0.0250723610372732	0.0369488536155201	0.0118764925782469	27935950.0
HSP101_heat_gain	heat	24h	100	1	27936000	27936100	0.0	0.0	0.0	0.0294871794871794	0.0759259259259258	0.0464387464387464	27936050.0
HSP101_heat_gain	heat	24h	100	1	27936100	27936200	0.0	0.0	0.0	0.0128205128205128	0.0	-0.0128205128205128	27936150.0
HSP101_heat_gain	heat	24h	100	1	27936200	27936300	0.0	0.0	0.0	0.0013717421124828	0.0361552028218694	0.0347834607093866	27936250.0
HSP101_heat_gain	heat	24h	100	1	27936300	27936400	0.0	0.0	0.0	0.05210277214334	0.048754208754208696	-0.0033485633891313	27936350.0
HSP101_heat_gain	heat	24h	100	1	27936400	27936500	0.0	0.0500288537	0.0500288537	0.0423768939393939	0.019160884050589903	-0.023216009888804	27936450.0
HSP101_heat_gain	heat	24h	100	1	27936500	27936600	0.0	0.0	0.0	0.027662037037037	0.0251262626262626	-0.0025357744107744	27936550.0
HSP101_heat_gain	heat	24h	100	1	27936600	27936700	0.0	0.4768105642	0.4768105642	0.0067451131687242	0.0342222222222221	0.0274771090534979	27936650.0
HSP101_heat_gain	heat	24h	100	1	27936700	27936800	0.1390448539	0.8025102646	0.6634654107	0.0248179803735358	0.0751486963852553	0.0503307160117195	27936750.0
HSP101_heat_gain	heat	24h	100	1	27936800	27936900	0.0	0.6189095659	0.6189095659	0.0603014916186958	0.2711669677395482	0.2108654761208524	27936850.0
HSP101_heat_gain	heat	24h	100	1	27936900	27937000	0.1390448539	0.9536211284	0.8145762745	0.0714474414474414	0.024913499199213505	-0.0465339422482279	27936950.0
HSP101_heat_gain	heat	24h	100	1	27937000	27937100	0.0	0.0558751933	0.0558751933	0.0326719576719576	0.018422067901234504	-0.0142498897707231	27937050.0
HSP101_heat_gain	heat	24h	100	1	27937100	27937200	0.0	0.2873635259	0.2873635259	0.0525132275132274	0.002298850574712602	-0.0502143769385148	27937150.0
HSP101_heat_gain	heat	24h	100	1	27937200	27937300	0.0	0.5885609508	0.5885609508	0.0429329929329928	0.013828763828763697	-0.0291042291042291	27937250.0
HSP101_heat_gain	heat	24h	100	1	27937300	27937400	0.0	0.3767528568	0.3767528568	0.0394631410256409	0.015257192676547498	-0.0242059483490934	27937350.0
HSP101_heat_gain	heat	24h	100	1	27937400	27937500	0.0	0.225641993	0.225641993	0.0118298368298368	0.0457070707070706	0.0338772338772338	27937450.0
HSP101_heat_gain	heat	24h	100	1	27937500	27937600	0.0	1.0350228999	1.0350228999	0.0333333333333333	0.0326278659611993	-0.000705467372134	27937550.0
HSP101_heat_gain	heat	24h	100	1	27937600	27937700	0.0	0.0	0.0	0.0059829059829059	0.0674236874236873	0.0614407814407814	27937650.0
HSP101_heat_gain	heat	24h	100	1	27937700	27937800	0.0	0.4267817105	0.4267817105	0.0498490192934637	0.1696188942565753	0.1197698749631116	27937750.0
HSP101_heat_gain	heat	24h	100	1	27937800	27937900	0.0	0.9376460095	0.9376460095	0.0310940016103059	0.06259600614439309	0.0315020045340872	27937850.0
HSP101_heat_gain	heat	24h	100	1	27937900	27938000	0.0	2.2100035815	2.2100035815	0.1240278496733523	0.1116690716690717	-0.0123587780042806	27937950.0
HSP101_heat_gain	heat	24h	100	1	27938000	27938100	0.0	0.5805733913	0.5805733913	0.0891857168172956	0.0797418630751963	-0.0094438537420993	27938050.0
HSP101_heat_gain	heat	24h	100	1	27938100	27938200	0.0	0.3011974249	0.3011974249	0.1316534391534391	0.10960796666785591	-0.0220454724855832	27938150.0
HSP101_heat_gain	heat	24h	100	1	27938200	27938300	0.0	0.3570726182	0.3570726182	0.0743089626422959	0.0372287691732135	-0.0370801934690824	27938250.0
HSP101_heat_gain	heat	24h	100	1	27938300	27938400	0.0	0.225641993	0.225641993	0.0629563492063491	0.0394912326730508	-0.0234651165332983	27938350.0
HSP101_heat_gain	heat	24h	100	1	27938400	27938500	0.0	0.1814594789	0.1814594789	0.0508304195804195	0.0473290968290968	-0.0035013227513227	27938450.0
HSP101_heat_gain	heat	24h	100	1	27938500	27938600	0.0	0.5268394179	0.5268394179	0.0042087542087542	0.16322100826862718	0.159012254059873	27938550.0
HSP101_heat_gain	heat	24h	100	1	27938600	27938700	0.0	0.3512262786	0.3512262786	0.0495169082125603	0.0414222452265931	-0.0080946629859672	27938650.0
HSP101_heat_gain	heat	24h	100	1	27938700	27938800	0.0	1.3143988663	1.3143988663	0.0318518518518518	0.020875420875420898	-0.0109764309764309	27938750.0
HSP101_heat_gain	heat	24h	100	1	27938800	27938900	0.0	0.0	0.0	0.038167735042735	0.0988791423001949	0.0607114072574599	27938850.0
HSP101_heat_gain	heat	24h	100	1	27938900	27939000	0.0	0.3629189578	0.3629189578	0.0212701893622945	0.1396848222079702	0.1184146328456757	27938950.0
HSP101_heat_gain	heat	24h	100	1	27939000	27939100	0.0	0.4326280501	0.4326280501	0.0736568986568986	0.0452380952380952	-0.0284188034188034	27939050.0
HSP101_heat_gain	heat	24h	100	1	27939100	27939200	0.0	0.8780656966	0.8780656966	0.1333180766479084	0.1230709714262345	-0.0102471052216739	27939150.0
HSP101_heat_gain	heat	24h	100	1	27939200	27939300	0.0	0.3767528568	0.3767528568	0.0819611458500346	0.0888476708476707	0.0068865249976361	27939250.0
HSP101_heat_gain	heat	24h	100	1	27939300	27939400	0.0	0.9035922747	0.9035922747	0.0733142604110345	0.25546555577390473	0.1821512953628702	27939350.0
HSP101_heat_gain	heat	24h	100	1	27939400	27939500	0.0	0.627921428	0.627921428	0.3214158390628979	0.27579365079365087	-0.045622188269247	27939450.0
HSP101_heat_gain	heat	24h	100	1	27939500	27939600	0.0	0.5326857575	0.5326857575	0.1393826754423242	0.12688492063492068	-0.0124977548074035	27939550.0
HSP101_heat_gain	heat	24h	100	1	27939600	27939700	0.0	0.1000577074	0.1000577074	0.2358146323663563	0.1759412419938736	-0.0598733903724827	27939650.0
HSP101_heat_gain	heat	24h	100	1	27939700	27939800	0.0	0.1250721343	0.1250721343	0.0553917050691243	0.2637628554143981	0.2083711503452738	27939750.0
HSP101_heat_gain	heat	24h	100	1	27939800	27939900	0.0	0.0500288537	0.0500288537	0.0353190948385455	0.111111111111111	0.0757920162725655	27939850.0
HSP101_heat_gain	heat	24h	100	1	27939900	27940000	0.0	0.0558751933	0.0558751933	0.0257756132756132	0.016549912505794802	-0.0092257007698184	27939950.0
HSP101_heat_gain	heat	24h	100	1	27940000	27940100	0.0	0.853563421	0.853563421	0.0229186795491143	0.0960211640211639	0.0731024844720496	27940050.0
HSP101_heat_gain	heat	24h	100	1	27940100	27940200	0.0	0.0	0.0	0.0429574895092135	0.057266137438550996	0.0143086479293375	27940150.0
HSP101_heat_gain	heat	24h	100	1	27940200	27940300	0.0	0.0	0.0	0.0186660561660561	0.028482461565168198	0.0098164053991121	27940250.0
HSP101_heat_gain	heat	24h	100	1	27940300	27940400	0.0	0.0	0.0	0.0179100529100529	0.028690059940059798	0.0107800070300069	27940350.0
HSP101_heat_gain	heat	24h	100	1	27940400	27940500	0.0	0.0	0.0	0.0195480445480445	0.021941638608305197	0.0023935940602607	27940450.0
HSP101_heat_gain	heat	24h	100	1	27940500	27940600	0.0	0.0	0.0	0.0340094603252497	0.0268055838692957	-0.007203876455954	27940550.0
HSP101_heat_gain	heat	24h	100	1	27940600	27940700	0.0	0.0	0.0	0.0300215357033538	0.0299001924001924	-0.0001213433031614	27940650.0
HSP101_heat_gain	heat	24h	100	1	27940700	27940800	0.0	0.0	0.0	0.0289882956549622	0.017647707231040498	-0.0113405884239217	27940750.0
HSP101_heat_gain	heat	24h	100	1	27940800	27940900	0.0	0.0	0.0	0.0269305385972051	0.020547774665421598	-0.0063827639317835	27940850.0
HSP101_heat_gain	heat	24h	100	1	27940900	27941000	0.0	0.0	0.0	0.0316137566137566	0.0206174655248729	-0.0109962910888837	27940950.0
HSP101_heat_gain	heat	24h	100	1	27941000	27941100	0.0	0.0	0.0	0.0307936507936507	0.020444444444444397	-0.0103492063492063	27941050.0
HSP101_heat_gain	heat	24h	100	1	27941100	27941200	0.0	0.0	0.0	0.0513768115942028	0.0239302967563837	-0.0274465148378191	27941150.0
HSP101_heat_gain	heat	24h	100	1	27941200	27941300	0.0	0.0	0.0	0.0109448504282095	0.0218393544286401	0.0108945040004306	27941250.0
HSP101_heat_gain	heat	24h	100	1	27941300	27941400	0.0	0.0	0.0	0.0356162900280547	0.0316348003848004	-0.0039814896432543	27941350.0
HSP101_heat_gain	heat	24h	100	1	27941400	27941500	0.0	0.0	0.0	0.0291486291486291	0.0390649001536097	0.0099162710049806	27941450.0
HSP101_heat_gain	heat	24h	100	1	27941500	27941600	0.0	0.0558751933	0.0558751933	0.0326505332716512	0.025879917184264998	-0.0067706160873862	27941550.0
HSP101_heat_gain	heat	24h	100	1	27941600	27941700	0.0	0.0	0.0	0.0473940670737008	0.018599033816425102	-0.0287950332572757	27941650.0
HSP101_heat_gain	heat	24h	100	1	27941700	27941800	0.0	0.0	0.0	0.0333880678708264	0.024712643678160798	-0.0086754241926656	27941750.0
HSP101_heat_gain	heat	24h	100	1	27941800	27941900	0.0	0.0	0.0	0.0185757575757575	0.0232905982905982	0.0047148407148407	27941850.0
HSP101_heat_gain	heat	24h	100	1	27941900	27942000	0.0	0.0558751933	0.0558751933	0.0097777777777777	0.0205613275613274	0.0107835497835497	27941950.0
HSP101_heat_gain	heat	24h	100	1	27942000	27942100	0.0	0.0500288537	0.0500288537	0.0190656565656564	0.0312918871252203	0.0122262305595639	27942050.0
HSP101_heat_gain	heat	24h	100	1	27942100	27942200	0.0	0.0	0.0	0.0304282562903252	0.0242143658810325	-0.0062138904092927	27942150.0
HSP101_heat_gain	heat	24h	100	1	27942200	27942300	0.0	0.0	0.0	0.031383712905452	0.0439615738528781	0.0125778609474261	27942250.0
HSP101_heat_gain	heat	24h	100	1	27942300	27942400	0.0	0.0	0.0	0.0263888888888888	0.0788496071829404	0.0524607182940516	27942350.0
HSP101_heat_gain	heat	6h	500	1	27933500	27934000	0.4416915824	0.9392850564999999	0.4975934741	0.0572065533894392	0.0409803343033156	-0.0162262190861236	27933750.0
HSP101_heat_gain	heat	6h	500	1	27934000	27934500	0.0455293166	0.0	-0.0455293166	0.0371941644073509	0.014562652668093399	-0.0226315117392575	27934250.0
HSP101_heat_gain	heat	6h	500	1	27934500	27935000	0.0	0.0	0.0	0.0346004246856812	0.0351440179364127	0.0005435932507315	27934750.0
HSP101_heat_gain	heat	6h	500	1	27935000	27935500	0.0	0.0	0.0	0.0651696982270239	0.0353647175882185	-0.0298049806388054	27935250.0
HSP101_heat_gain	heat	6h	500	1	27935500	27936000	0.0	0.0	0.0	0.0512626377918803	0.0869141734746601	0.0356515356827798	27935750.0
HSP101_heat_gain	heat	6h	500	1	27936000	27936500	0.0	0.0500288537	0.0500288537	0.0388175498725451	0.045384284113792195	0.0065667342412471	27936250.0
HSP101_heat_gain	heat	6h	500	1	27936500	27937000	0.2780897079	2.8518515232	2.5737618153	0.0317001113050177	0.1055066686968002	0.0738065573917825	27936750.0
HSP101_heat_gain	heat	6h	500	1	27937000	27937500	0.0	1.5341945197	1.5341945197	0.0377224359636204	0.10328723885175481	0.0655648028881344	27937250.0
HSP101_heat_gain	heat	6h	500	1	27937500	27938000	0.0	4.6094542014	4.6094542014	0.0399514962753733	0.0979344883416437	0.0579829920662704	27937750.0
HSP101_heat_gain	heat	6h	500	1	27938000	27938500	0.0	1.6459449063	1.6459449063	0.0833573299385264	0.052982414929580404	-0.030374915008946	27938250.0
HSP101_heat_gain	heat	6h	500	1	27938500	27939000	0.0	2.5553835206	2.5553835206	0.0306338022953364	0.0516446598597236	0.0210108575643872	27938750.0
HSP101_heat_gain	heat	6h	500	1	27939000	27939500	0.0	3.2189603061	3.2189603061	0.1773237043862481	0.11178111112636069	-0.0655425932598874	27939250.0
HSP101_heat_gain	heat	6h	500	1	27939500	27940000	0.0	0.8637196462	0.8637196462	0.1021355733896524	0.1098867046818727	0.0077511312922203	27939750.0
HSP101_heat_gain	heat	6h	500	1	27940000	27940500	0.0	0.853563421	0.853563421	0.0257348708451593	0.046148425899557005	0.0204135550543977	27940250.0
HSP101_heat_gain	heat	6h	500	1	27940500	27941000	0.0	0.0	0.0	0.0300743256743256	0.033863381000133	0.0037890553258074	27940750.0
HSP101_heat_gain	heat	6h	500	1	27941000	27941500	0.0	0.0	0.0	0.0324493087482569	0.031947003303428395	-0.0005023054448285	27941250.0
HSP101_heat_gain	heat	6h	500	1	27941500	27942000	0.0	0.1117503866	0.1117503866	0.0280611432415077	0.0318633643145704	0.0038022210730627	27941750.0
HSP101_heat_gain	heat	6h	500	1	27942000	27942500	0.0	0.0500288537	0.0500288537	0.027535160519009	0.029778611947116198	0.0022434514281072	27942250.0
HSP101_heat_gain	heat	12h	500	1	27933500	27934000	0.4416915824	0.9392850564999999	0.4975934741	0.0572065533894392	0.04483545955144311	-0.0123710938379961	27933750.0
HSP101_heat_gain	heat	12h	500	1	27934000	27934500	0.0455293166	0.0	-0.0455293166	0.0371941644073509	0.040580676769202996	0.0033865123618521	27934250.0
HSP101_heat_gain	heat	12h	500	1	27934500	27935000	0.0	0.0	0.0	0.0346004246856812	0.023959216461578597	-0.0106412082241026	27934750.0
HSP101_heat_gain	heat	12h	500	1	27935000	27935500	0.0	0.0	0.0	0.0651696982270239	0.0243509436826667	-0.0408187545443572	27935250.0
HSP101_heat_gain	heat	12h	500	1	27935500	27936000	0.0	0.0	0.0	0.0512626377918803	0.028639191264405298	-0.022623446527475	27935750.0
HSP101_heat_gain	heat	12h	500	1	27936000	27936500	0.0	0.0500288537	0.0500288537	0.0388175498725451	0.023583528709317597	-0.0152340211632275	27936250.0
HSP101_heat_gain	heat	12h	500	1	27936500	27937000	0.2780897079	2.8518515232	2.5737618153	0.0317001113050177	0.2008453441451904	0.1691452328401727	27936750.0
HSP101_heat_gain	heat	12h	500	1	27937000	27937500	0.0	1.5341945197	1.5341945197	0.0377224359636204	0.0743837338029443	0.0366612978393239	27937250.0
HSP101_heat_gain	heat	12h	500	1	27937500	27938000	0.0	4.6094542014	4.6094542014	0.0399514962753733	0.0650267487039497	0.0250752524285764	27937750.0
HSP101_heat_gain	heat	12h	500	1	27938000	27938500	0.0	1.6459449063	1.6459449063	0.0833573299385264	0.054254648763887706	-0.0291026811746387	27938250.0
HSP101_heat_gain	heat	12h	500	1	27938500	27939000	0.0	2.5553835206	2.5553835206	0.0306338022953364	0.0291375723962788	-0.0014962298990576	27938750.0
HSP101_heat_gain	heat	12h	500	1	27939000	27939500	0.0	3.2189603061	3.2189603061	0.1773237043862481	0.06174157329270619	-0.1155821310935419	27939250.0
HSP101_heat_gain	heat	12h	500	1	27939500	27940000	0.0	0.8637196462	0.8637196462	0.1021355733896524	0.0607214116363113	-0.0414141617533411	27939750.0
HSP101_heat_gain	heat	12h	500	1	27940000	27940500	0.0	0.853563421	0.853563421	0.0257348708451593	0.0255753257240828	-0.0001595451210765	27940250.0
HSP101_heat_gain	heat	12h	500	1	27940500	27941000	0.0	0.0	0.0	0.0300743256743256	0.0186933547681642	-0.0113809709061614	27940750.0
HSP101_heat_gain	heat	12h	500	1	27941000	27941500	0.0	0.0	0.0	0.0324493087482569	0.020699567691013797	-0.0117497410572431	27941250.0
HSP101_heat_gain	heat	12h	500	1	27941500	27942000	0.0	0.1117503866	0.1117503866	0.0280611432415077	0.021755183192715098	-0.0063059600487926	27941750.0
HSP101_heat_gain	heat	12h	500	1	27942000	27942500	0.0	0.0500288537	0.0500288537	0.027535160519009	0.0178752249122619	-0.0096599356067471	27942250.0
HSP101_heat_gain	heat	24h	500	1	27933500	27934000	0.4416915824	0.9392850564999999	0.4975934741	0.0572065533894392	0.030918618679770502	-0.0262879347096687	27933750.0
HSP101_heat_gain	heat	24h	500	1	27934000	27934500	0.0455293166	0.0	-0.0455293166	0.0371941644073509	0.032244666038043795	-0.0049494983693071	27934250.0
HSP101_heat_gain	heat	24h	500	1	27934500	27935000	0.0	0.0	0.0	0.0346004246856812	0.0391756433771277	0.0045752186914465	27934750.0
HSP101_heat_gain	heat	24h	500	1	27935000	27935500	0.0	0.0	0.0	0.0651696982270239	0.015363688108049	-0.0498060101189749	27935250.0
HSP101_heat_gain	heat	24h	500	1	27935500	27936000	0.0	0.0	0.0	0.0512626377918803	0.0573124887277483	0.006049850935868	27935750.0
HSP101_heat_gain	heat	24h	500	1	27936000	27936500	0.0	0.0500288537	0.0500288537	0.0388175498725451	0.0438265612029735	0.0050090113304284	27936250.0
HSP101_heat_gain	heat	24h	500	1	27936500	27937000	0.2780897079	2.8518515232	2.5737618153	0.0317001113050177	0.0893646167277707	0.057664505422753	27936750.0
HSP101_heat_gain	heat	24h	500	1	27937000	27937500	0.0	1.5341945197	1.5341945197	0.0377224359636204	0.0250280136824722	-0.0126944222811482	27937250.0
HSP101_heat_gain	heat	24h	500	1	27937500	27938000	0.0	4.6094542014	4.6094542014	0.0399514962753733	0.0863080964689707	0.0463566001935974	27937750.0
HSP101_heat_gain	heat	24h	500	1	27938000	27938500	0.0	1.6459449063	1.6459449063	0.0833573299385264	0.061544712820774304	-0.0218126171177521	27938250.0
HSP101_heat_gain	heat	24h	500	1	27938500	27939000	0.0	2.5553835206	2.5553835206	0.0306338022953364	0.0785804228907331	0.0479466205953967	27938750.0
HSP101_heat_gain	heat	24h	500	1	27939000	27939500	0.0	3.2189603061	3.2189603061	0.1773237043862481	0.1218240998374556	-0.0554996045487925	27939250.0
HSP101_heat_gain	heat	24h	500	1	27939500	27940000	0.0	0.8637196462	0.8637196462	0.1021355733896524	0.1375262584165321	0.0353906850268797	27939750.0
HSP101_heat_gain	heat	24h	500	1	27940000	27940500	0.0	0.853563421	0.853563421	0.0257348708451593	0.0491776702633432	0.0234427994181839	27940250.0
HSP101_heat_gain	heat	24h	500	1	27940500	27941000	0.0	0.0	0.0	0.0300743256743256	0.0224180916396602	-0.0076562340346654	27940750.0
HSP101_heat_gain	heat	24h	500	1	27941000	27941500	0.0	0.0	0.0	0.0324493087482569	0.0282371574799071	-0.0042121512683498	27941250.0
HSP101_heat_gain	heat	24h	500	1	27941500	27942000	0.0	0.1117503866	0.1117503866	0.0280611432415077	0.0226926292402482	-0.0053685140012595	27941750.0
HSP101_heat_gain	heat	24h	500	1	27942000	27942500	0.0	0.0500288537	0.0500288537	0.027535160519009	0.0493413787858231	0.0218062182668141	27942250.0
LHB1B2_RWA3_heat_loss	heat	6h	100	2	14519500	14519600	0.0	0.0	0.0	0.0322140822140821	0.019551282051281996	-0.0126628001628001	14519550.0
LHB1B2_RWA3_heat_loss	heat	6h	100	2	14519600	14519700	0.0	0.0	0.0	0.028916847041847	0.0168518518518518	-0.0120649951899952	14519650.0
LHB1B2_RWA3_heat_loss	heat	6h	100	2	14519700	14519800	0.0	0.0	0.0	0.0474026129488313	0.005820105820105802	-0.0415825071287255	14519750.0
LHB1B2_RWA3_heat_loss	heat	6h	100	2	14519800	14519900	0.0	0.0	0.0	0.0309480676328502	0.025372775372775398	-0.0055752922600748	14519850.0
LHB1B2_RWA3_heat_loss	heat	6h	100	2	14519900	14520000	0.0	0.0	0.0	0.0105234371363403	0.033263831706545705	0.0227403945702054	14519950.0
LHB1B2_RWA3_heat_loss	heat	6h	100	2	14520000	14520100	0.0	0.0	0.0	0.0218650793650793	0.0121843434343434	-0.0096807359307359	14520050.0
LHB1B2_RWA3_heat_loss	heat	6h	100	2	14520100	14520200	0.0	0.0	0.0	0.0059242308670225	0.0463768115942027	0.0404525807271802	14520150.0
LHB1B2_RWA3_heat_loss	heat	6h	100	2	14520200	14520300	0.0	0.0	0.0	0.0075396825396825	0.0316215375038903	0.0240818549642078	14520250.0
LHB1B2_RWA3_heat_loss	heat	6h	100	2	14520300	14520400	0.0	0.0	0.0	0.0363425925925925	0.024545663676098502	-0.011796928916494	14520350.0
LHB1B2_RWA3_heat_loss	heat	6h	100	2	14520400	14520500	0.0	0.0	0.0	0.0469806763285023	0.0217619337184554	-0.0252187426100469	14520450.0
LHB1B2_RWA3_heat_loss	heat	6h	100	2	14520500	14520600	0.0	0.0	0.0	0.0417989417989417	0.010307048984468298	-0.0314918928144734	14520550.0
LHB1B2_RWA3_heat_loss	heat	6h	100	2	14520600	14520700	0.0	0.0	0.0	0.0161324786324786	0.0112518654185321	-0.0048806132139465	14520650.0
LHB1B2_RWA3_heat_loss	heat	6h	100	2	14520700	14520800	0.0	0.0	0.0	0.0407809983896939	0.0251823793490459	-0.015598619040648	14520750.0
LHB1B2_RWA3_heat_loss	heat	6h	100	2	14520800	14520900	0.0	0.0	0.0	0.0544871794871794	0.014529914529914499	-0.0399572649572649	14520850.0
LHB1B2_RWA3_heat_loss	heat	6h	100	2	14520900	14521000	0.0	0.0	0.0	0.0313846191382422	0.019056896262778497	-0.0123277228754637	14520950.0
LHB1B2_RWA3_heat_loss	heat	6h	100	2	14521000	14521100	0.0	0.0	0.0	0.0301011264720941	0.026941457586618898	-0.0031596688854752	14521050.0
LHB1B2_RWA3_heat_loss	heat	6h	100	2	14521100	14521200	0.0	0.0	0.0	0.0296536796536796	0.014011914011913998	-0.0156417656417656	14521150.0
LHB1B2_RWA3_heat_loss	heat	6h	100	2	14521200	14521300	0.0	0.0	0.0	0.0331746031746031	0.0231916487088901	-0.009982954465713	14521250.0
LHB1B2_RWA3_heat_loss	heat	6h	100	2	14521300	14521400	0.0	0.0	0.0	0.0335555555555555	0.053632275132275	0.0200767195767195	14521350.0
LHB1B2_RWA3_heat_loss	heat	6h	100	2	14521400	14521500	0.0	0.0	0.0	0.0161396574440052	0.022675084175084	0.0065354267310788	14521450.0
LHB1B2_RWA3_heat_loss	heat	6h	100	2	14521500	14521600	0.0	0.0	0.0	0.0553075396825396	0.017766203703703694	-0.0375413359788359	14521550.0
LHB1B2_RWA3_heat_loss	heat	6h	100	2	14521600	14521700	0.0	0.0	0.0	0.0509971509971509	0.012383449883449804	-0.0386137011137011	14521650.0
LHB1B2_RWA3_heat_loss	heat	6h	100	2	14521700	14521800	0.0	0.0	0.0	0.0380130084740144	0.0470573706460802	0.0090443621720658	14521750.0
LHB1B2_RWA3_heat_loss	heat	6h	100	2	14521800	14521900	0.0	0.0	0.0	0.0225191475191474	0.0314814814814813	0.0089623339623339	14521850.0
LHB1B2_RWA3_heat_loss	heat	6h	100	2	14521900	14522000	0.0	0.0	0.0	0.0478395061728395	0.010378510378510397	-0.0374609957943291	14521950.0
LHB1B2_RWA3_heat_loss	heat	6h	100	2	14522000	14522100	0.0	0.0	0.0	0.0222056878306877	0.0128968253968253	-0.0093088624338624	14522050.0
LHB1B2_RWA3_heat_loss	heat	6h	100	2	14522100	14522200	0.0	0.0	0.0	0.0296606326466396	0.0365261813537675	0.0068655487071279	14522150.0
LHB1B2_RWA3_heat_loss	heat	6h	100	2	14522200	14522300	0.0	0.0	0.0	0.0262626262626262	0.0251147842056933	-0.0011478420569329	14522250.0
LHB1B2_RWA3_heat_loss	heat	6h	100	2	14522300	14522400	0.0	0.0	0.0	0.0563803299097416	0.021595860566448702	-0.0347844693432929	14522350.0
LHB1B2_RWA3_heat_loss	heat	6h	100	2	14522400	14522500	0.0	0.0	0.0	0.0651171579743007	0.0298036758563074	-0.0353134821179933	14522450.0
LHB1B2_RWA3_heat_loss	heat	6h	100	2	14522500	14522600	0.2301034871	0.0	-0.2301034871	0.0516604168778081	0.0808316080055209	0.0291711911277128	14522550.0
LHB1B2_RWA3_heat_loss	heat	6h	100	2	14522600	14522700	1.3127782716	0.211808094	-1.1009701776	0.1124956851427439	0.1216005291005289	0.009104843957785	14522650.0
LHB1B2_RWA3_heat_loss	heat	6h	100	2	14522700	14522800	0.3828184419	0.8711487469999999	0.4883303051	0.5713379124232514	0.5062751409676169	-0.0650627714556345	14522750.0
LHB1B2_RWA3_heat_loss	heat	6h	100	2	14522800	14522900	1.5005630322	1.6810751663	0.1805121341	0.5045156749568513	0.30623804904850654	-0.1982776259083448	14522850.0
LHB1B2_RWA3_heat_loss	heat	6h	100	2	14522900	14523000	0.9471681888	0.9975149825	0.0503467937	0.7540786613278191	0.5417774760976516	-0.2123011852301675	14522950.0
LHB1B2_RWA3_heat_loss	heat	6h	100	2	14523000	14523100	0.5664118567	0.45605971570000003	-0.110352141	0.7840277777777778	0.692497964997965	-0.0915298127798127	14523050.0
LHB1B2_RWA3_heat_loss	heat	6h	100	2	14523100	14523200	0.8463725075	1.0142720514	0.1678995439	0.748030303030303	0.3575368378266928	-0.3904934652036102	14523150.0
LHB1B2_RWA3_heat_loss	heat	6h	100	2	14523200	14523300	1.2228009925	0.7635081780000001	-0.4592928145	0.8177777777777777	0.68384663582032	-0.1339311419574577	14523250.0
LHB1B2_RWA3_heat_loss	heat	6h	100	2	14523300	14523400	0.4034531146	0.418643444	0.0151903294	0.3744565436579956	0.4130158730158729	0.0385593293578773	14523350.0
LHB1B2_RWA3_heat_loss	heat	6h	100	2	14523400	14523500	0.7929770856	0.18145947890000003	-0.6115176067	0.5774016203703703	0.42293733465608474	-0.1544642857142856	14523450.0
LHB1B2_RWA3_heat_loss	heat	6h	100	2	14523500	14523600	1.0279943811	0.23148833260000012	-0.7965060485	0.4010310179665018	0.2721710189452125	-0.1288599990212893	14523550.0
LHB1B2_RWA3_heat_loss	heat	6h	100	2	14523600	14523700	0.0	0.0	0.0	0.0194444444444444	0.0174897119341563	-0.0019547325102881	14523650.0
LHB1B2_RWA3_heat_loss	heat	6h	100	2	14523700	14523800	0.0	0.0	0.0	0.0392677215257859	0.0275942993684928	-0.0116734221572931	14523750.0
LHB1B2_RWA3_heat_loss	heat	6h	100	2	14523800	14523900	0.0	0.0	0.0	0.0210631156283329	0.0243401928184535	0.0032770771901206	14523850.0
LHB1B2_RWA3_heat_loss	heat	6h	100	2	14523900	14524000	0.0	0.0	0.0	0.0352969631378722	0.0277664675391948	-0.0075304955986774	14523950.0
LHB1B2_RWA3_heat_loss	heat	6h	100	2	14524000	14524100	0.0	0.0	0.0	0.05359404178338	0.0149305555555556	-0.0386634862278244	14524050.0
LHB1B2_RWA3_heat_loss	heat	6h	100	2	14524100	14524200	0.0	0.0	0.0	0.0299681337181336	0.025773809523809497	-0.0041943241943241	14524150.0
LHB1B2_RWA3_heat_loss	heat	6h	100	2	14524200	14524300	0.0	0.0	0.0	0.05607430121319	0.024352191018857598	-0.0317221101943324	14524250.0
LHB1B2_RWA3_heat_loss	heat	6h	100	2	14524300	14524400	0.0	0.0	0.0	0.031951286261631	0.031139390622149196	-0.0008118956394818	14524350.0
LHB1B2_RWA3_heat_loss	heat	6h	100	2	14524400	14524500	0.0	0.0	0.0	0.0142269253380364	0.026455026455026398	0.01222810111699	14524450.0
LHB1B2_RWA3_heat_loss	heat	6h	100	2	14524500	14524600	0.0	0.0	0.0	0.0166615791615791	0.0333333333333332	0.0166717541717541	14524550.0
LHB1B2_RWA3_heat_loss	heat	6h	100	2	14524600	14524700	0.0	0.0	0.0	0.0143298059964726	0.029938271604938102	0.0156084656084655	14524650.0
LHB1B2_RWA3_heat_loss	heat	6h	100	2	14524700	14524800	0.0831925278	0.0	-0.0831925278	0.0102089268755935	0.0128205128205127	0.0026115859449192	14524750.0
LHB1B2_RWA3_heat_loss	heat	6h	100	2	14524800	14524900	0.2780897079	0.05002885369999999	-0.2280608542	0.0610164141414141	0.0	-0.0610164141414141	14524850.0
LHB1B2_RWA3_heat_loss	heat	6h	100	2	14524900	14525000	0.020798132	0.0264760118	0.0056778798	0.034090909090909	0.025425903119868597	-0.0086650059710404	14524950.0
LHB1B2_RWA3_heat_loss	heat	6h	100	2	14525000	14525100	0.2780897079	0.05002885369999999	-0.2280608542	0.0657894736842105	0.0	-0.0657894736842105	14525050.0
LHB1B2_RWA3_heat_loss	heat	6h	100	2	14525100	14525200	0.7689839752	0.7839892279999999	0.0150052528	0.0113636363636363	0.125	0.1136363636363637	14525150.0
LHB1B2_RWA3_heat_loss	heat	6h	100	2	14525200	14525300	0.3387652738	0.4560597157	0.1172944419	0.0	0.0	0.0	14525250.0
LHB1B2_RWA3_heat_loss	heat	6h	100	2	14525300	14525400	0.5467465934	1.042209648	0.4954630546	0.0416666666666666	0.013888888888888902	-0.0277777777777777	14525350.0
LHB1B2_RWA3_heat_loss	heat	6h	100	2	14525400	14525500	1.14659113	1.2544550243	0.1078638943	0.1914462081128747	0.0182379349046016	-0.1732082732082731	14525450.0
LHB1B2_RWA3_heat_loss	heat	6h	100	2	14525500	14525600	0.4159626392	0.2511685712	-0.164794068	0.0443117590295009	0.011494252873563204	-0.0328175061559377	14525550.0
LHB1B2_RWA3_heat_loss	heat	6h	100	2	14525600	14525700	0.2301034871	0.1117503865	-0.1183531006	0.0435906685906686	0.027022417153996104	-0.0165682514366725	14525650.0
LHB1B2_RWA3_heat_loss	heat	6h	100	2	14525700	14525800	0.2780897079	0.12558428559999998	-0.1525054223	0.032051282051282	0.0261483886483886	-0.0059028934028934	14525750.0
LHB1B2_RWA3_heat_loss	heat	6h	100	2	14525800	14525900	0.0	0.0	0.0	0.0324987402368354	0.0349159108087678	0.0024171705719324	14525850.0
LHB1B2_RWA3_heat_loss	heat	6h	100	2	14525900	14526000	0.0	0.0	0.0	0.0230942582794434	0.0372917891436408	0.0141975308641974	14525950.0
LHB1B2_RWA3_heat_loss	heat	6h	100	2	14526000	14526100	0.0	0.0	0.0	0.0112135176651305	0.0381042460791563	0.0268907284140258	14526050.0
LHB1B2_RWA3_heat_loss	heat	6h	100	2	14526100	14526200	0.0	0.0	0.0	0.024603893489763	0.0190336008788389	-0.0055702926109241	14526150.0
LHB1B2_RWA3_heat_loss	heat	6h	100	2	14526200	14526300	0.0	0.0	0.0	0.0094165010226716	0.031616914375535	0.0222004133528634	14526250.0
LHB1B2_RWA3_heat_loss	heat	6h	100	2	14526300	14526400	0.0	0.0	0.0	0.0157752472969864	0.0307607649998953	0.0149855177029089	14526350.0
LHB1B2_RWA3_heat_loss	heat	6h	100	2	14526400	14526500	0.0	0.0	0.0	0.0215175565175565	0.026166096068056702	0.0046485395505002	14526450.0
LHB1B2_RWA3_heat_loss	heat	6h	100	2	14526500	14526600	0.0	0.0	0.0	0.0363501683501683	0.010442039442039398	-0.0259081289081289	14526550.0
LHB1B2_RWA3_heat_loss	heat	12h	100	2	14519500	14519600	0.0	0.0	0.0	0.0322140822140821	0.0316661614738537	-0.0005479207402284	14519550.0
LHB1B2_RWA3_heat_loss	heat	12h	100	2	14519600	14519700	0.0	0.0	0.0	0.028916847041847	0.0238492063492064	-0.0050676406926406	14519650.0
LHB1B2_RWA3_heat_loss	heat	12h	100	2	14519700	14519800	0.0	0.0	0.0	0.0474026129488313	0.0402386964886964	-0.0071639164601349	14519750.0
LHB1B2_RWA3_heat_loss	heat	12h	100	2	14519800	14519900	0.0	0.0	0.0	0.0309480676328502	0.027199074074074098	-0.0037489935587761	14519850.0
LHB1B2_RWA3_heat_loss	heat	12h	100	2	14519900	14520000	0.0	0.0	0.0	0.0105234371363403	0.0490868748933264	0.0385634377569861	14519950.0
LHB1B2_RWA3_heat_loss	heat	12h	100	2	14520000	14520100	0.0	0.0	0.0	0.0218650793650793	0.0304166666666666	0.0085515873015873	14520050.0
LHB1B2_RWA3_heat_loss	heat	12h	100	2	14520100	14520200	0.0	0.0	0.0	0.0059242308670225	0.015096618357487799	0.0091723874904653	14520150.0
LHB1B2_RWA3_heat_loss	heat	12h	100	2	14520200	14520300	0.0	0.0	0.0	0.0075396825396825	0.0127865961199293	0.0052469135802468	14520250.0
LHB1B2_RWA3_heat_loss	heat	12h	100	2	14520300	14520400	0.0	0.0	0.0	0.0363425925925925	0.012065544608648004	-0.0242770479839445	14520350.0
LHB1B2_RWA3_heat_loss	heat	12h	100	2	14520400	14520500	0.0	0.0	0.0	0.0469806763285023	0.0459711383624426	-0.0010095379660597	14520450.0
LHB1B2_RWA3_heat_loss	heat	12h	100	2	14520500	14520600	0.0	0.0	0.0	0.0417989417989417	0.018383768561187796	-0.0234151732377539	14520550.0
LHB1B2_RWA3_heat_loss	heat	12h	100	2	14520600	14520700	0.0	0.0	0.0	0.0161324786324786	0.0398656898656898	0.0237332112332112	14520650.0
LHB1B2_RWA3_heat_loss	heat	12h	100	2	14520700	14520800	0.0	0.0	0.0	0.0407809983896939	0.0157407407407407	-0.0250402576489532	14520750.0
LHB1B2_RWA3_heat_loss	heat	12h	100	2	14520800	14520900	0.0	0.0	0.0	0.0544871794871794	0.011752136752136697	-0.0427350427350427	14520850.0
LHB1B2_RWA3_heat_loss	heat	12h	100	2	14520900	14521000	0.0	0.0	0.0	0.0313846191382422	0.024027409372236897	-0.0073572097660053	14520950.0
LHB1B2_RWA3_heat_loss	heat	12h	100	2	14521000	14521100	0.0	0.0	0.0	0.0301011264720941	0.0387826032987322	0.0086814768266381	14521050.0
LHB1B2_RWA3_heat_loss	heat	12h	100	2	14521100	14521200	0.0	0.0	0.0	0.0296536796536796	0.017344440071712798	-0.0123092395819668	14521150.0
LHB1B2_RWA3_heat_loss	heat	12h	100	2	14521200	14521300	0.0	0.0	0.0	0.0331746031746031	0.0318988643231067	-0.0012757388514964	14521250.0
LHB1B2_RWA3_heat_loss	heat	12h	100	2	14521300	14521400	0.0	0.0	0.0	0.0335555555555555	0.0237037037037037	-0.0098518518518518	14521350.0
LHB1B2_RWA3_heat_loss	heat	12h	100	2	14521400	14521500	0.0	0.0	0.0	0.0161396574440052	0.039434343434343294	0.0232946859903381	14521450.0
LHB1B2_RWA3_heat_loss	heat	12h	100	2	14521500	14521600	0.0	0.0	0.0	0.0553075396825396	0.0481162356162356	-0.007191304066304	14521550.0
LHB1B2_RWA3_heat_loss	heat	12h	100	2	14521600	14521700	0.0	0.0	0.0	0.0509971509971509	0.029861619861619802	-0.0211355311355311	14521650.0
LHB1B2_RWA3_heat_loss	heat	12h	100	2	14521700	14521800	0.0	0.0	0.0	0.0380130084740144	0.0363254880496259	-0.0016875204243885	14521750.0
LHB1B2_RWA3_heat_loss	heat	12h	100	2	14521800	14521900	0.0	0.0	0.0	0.0225191475191474	0.0586040502707168	0.0360849027515694	14521850.0
LHB1B2_RWA3_heat_loss	heat	12h	100	2	14521900	14522000	0.0	0.0	0.0	0.0478395061728395	0.012857673727238998	-0.0349818324456005	14521950.0
LHB1B2_RWA3_heat_loss	heat	12h	100	2	14522000	14522100	0.0	0.0	0.0	0.0222056878306877	0.0364367934932449	0.0142311056625572	14522050.0
LHB1B2_RWA3_heat_loss	heat	12h	100	2	14522100	14522200	0.0	0.0	0.0	0.0296606326466396	0.021846682478866397	-0.0078139501677732	14522150.0
LHB1B2_RWA3_heat_loss	heat	12h	100	2	14522200	14522300	0.0	0.0	0.0	0.0262626262626262	0.0376683501683501	0.0114057239057239	14522250.0
LHB1B2_RWA3_heat_loss	heat	12h	100	2	14522300	14522400	0.0	0.0	0.0	0.0563803299097416	0.0324651655534008	-0.0239151643563408	14522350.0
LHB1B2_RWA3_heat_loss	heat	12h	100	2	14522400	14522500	0.0	0.0	0.0	0.0651171579743007	0.033087679516250905	-0.0320294784580498	14522450.0
LHB1B2_RWA3_heat_loss	heat	12h	100	2	14522500	14522600	0.2301034871	0.0	-0.2301034871	0.0516604168778081	0.0680699332873245	0.0164095164095164	14522550.0
LHB1B2_RWA3_heat_loss	heat	12h	100	2	14522600	14522700	1.3127782716	0.211808094	-1.1009701776	0.1124956851427439	0.0995918367346938	-0.0129038484080501	14522650.0
LHB1B2_RWA3_heat_loss	heat	12h	100	2	14522700	14522800	0.3828184419	0.8711487469999999	0.4883303051	0.5713379124232514	0.5144162607684167	-0.0569216516548346	14522750.0
LHB1B2_RWA3_heat_loss	heat	12h	100	2	14522800	14522900	1.5005630322	1.6810751663	0.1805121341	0.5045156749568513	0.30771251406545513	-0.1968031608913962	14522850.0
LHB1B2_RWA3_heat_loss	heat	12h	100	2	14522900	14523000	0.9471681888	0.9975149825	0.0503467937	0.7540786613278191	0.7213414479039479	-0.0327372134238711	14522950.0
LHB1B2_RWA3_heat_loss	heat	12h	100	2	14523000	14523100	0.5664118567	0.45605971570000003	-0.110352141	0.7840277777777778	0.5958890963792925	-0.1881386813984852	14523050.0
LHB1B2_RWA3_heat_loss	heat	12h	100	2	14523100	14523200	0.8463725075	1.0142720514	0.1678995439	0.748030303030303	0.6509726898615787	-0.0970576131687243	14523150.0
LHB1B2_RWA3_heat_loss	heat	12h	100	2	14523200	14523300	1.2228009925	0.7635081780000001	-0.4592928145	0.8177777777777777	0.5822491840499504	-0.2355285937278273	14523250.0
LHB1B2_RWA3_heat_loss	heat	12h	100	2	14523300	14523400	0.4034531146	0.418643444	0.0151903294	0.3744565436579956	0.3788690476190475	0.0044125039610519	14523350.0
LHB1B2_RWA3_heat_loss	heat	12h	100	2	14523400	14523500	0.7929770856	0.18145947890000003	-0.6115176067	0.5774016203703703	0.3652507282208687	-0.2121508921495017	14523450.0
LHB1B2_RWA3_heat_loss	heat	12h	100	2	14523500	14523600	1.0279943811	0.23148833260000012	-0.7965060485	0.4010310179665018	0.27304920555208567	-0.1279818124144161	14523550.0
LHB1B2_RWA3_heat_loss	heat	12h	100	2	14523600	14523700	0.0	0.0	0.0	0.0194444444444444	0.008299039780521199	-0.0111454046639232	14523650.0
LHB1B2_RWA3_heat_loss	heat	12h	100	2	14523700	14523800	0.0	0.0	0.0	0.0392677215257859	0.0288978433190956	-0.0103698782066903	14523750.0
LHB1B2_RWA3_heat_loss	heat	12h	100	2	14523800	14523900	0.0	0.0	0.0	0.0210631156283329	0.0314999412825498	0.0104368256542169	14523850.0
LHB1B2_RWA3_heat_loss	heat	12h	100	2	14523900	14524000	0.0	0.0	0.0	0.0352969631378722	0.0284494966313148	-0.0068474665065574	14523950.0
LHB1B2_RWA3_heat_loss	heat	12h	100	2	14524000	14524100	0.0	0.0	0.0	0.05359404178338	0.028001223313723303	-0.0255928184696567	14524050.0
LHB1B2_RWA3_heat_loss	heat	12h	100	2	14524100	14524200	0.0	0.0	0.0	0.0299681337181336	0.025272366522366498	-0.0046957671957671	14524150.0
LHB1B2_RWA3_heat_loss	heat	12h	100	2	14524200	14524300	0.0	0.0	0.0	0.05607430121319	0.0290564373897707	-0.0270178638234193	14524250.0
LHB1B2_RWA3_heat_loss	heat	12h	100	2	14524300	14524400	0.0	0.0	0.0	0.031951286261631	0.030962576601521796	-0.0009887096601092	14524350.0
LHB1B2_RWA3_heat_loss	heat	12h	100	2	14524400	14524500	0.0	0.0	0.0	0.0142269253380364	0.0204932927155148	0.0062663673774784	14524450.0
LHB1B2_RWA3_heat_loss	heat	12h	100	2	14524500	14524600	0.0	0.0	0.0	0.0166615791615791	0.0236243386243385	0.0069627594627594	14524550.0
LHB1B2_RWA3_heat_loss	heat	12h	100	2	14524600	14524700	0.0	0.0	0.0	0.0143298059964726	0.01335639668973	-0.0009734093067426	14524650.0
LHB1B2_RWA3_heat_loss	heat	12h	100	2	14524700	14524800	0.0831925278	0.0	-0.0831925278	0.0102089268755935	0.0135031635031634	0.0032942366275699	14524750.0
LHB1B2_RWA3_heat_loss	heat	12h	100	2	14524800	14524900	0.2780897079	0.05002885369999999	-0.2280608542	0.0610164141414141	0.017794871794871804	-0.0432215423465423	14524850.0
LHB1B2_RWA3_heat_loss	heat	12h	100	2	14524900	14525000	0.020798132	0.0264760118	0.0056778798	0.034090909090909	0.0231481481481481	-0.0109427609427609	14524950.0
LHB1B2_RWA3_heat_loss	heat	12h	100	2	14525000	14525100	0.2780897079	0.05002885369999999	-0.2280608542	0.0657894736842105	0.011904761904761897	-0.0538847117794486	14525050.0
LHB1B2_RWA3_heat_loss	heat	12h	100	2	14525100	14525200	0.7689839752	0.7839892279999999	0.0150052528	0.0113636363636363	0.0	-0.0113636363636363	14525150.0
LHB1B2_RWA3_heat_loss	heat	12h	100	2	14525200	14525300	0.3387652738	0.4560597157	0.1172944419	0.0	0.0	0.0	14525250.0
LHB1B2_RWA3_heat_loss	heat	12h	100	2	14525300	14525400	0.5467465934	1.042209648	0.4954630546	0.0416666666666666	0.016129032258064502	-0.0255376344086021	14525350.0
LHB1B2_RWA3_heat_loss	heat	12h	100	2	14525400	14525500	1.14659113	1.2544550243	0.1078638943	0.1914462081128747	0.0092592592592593	-0.1821869488536154	14525450.0
LHB1B2_RWA3_heat_loss	heat	12h	100	2	14525500	14525600	0.4159626392	0.2511685712	-0.164794068	0.0443117590295009	0.003267973856209104	-0.0410437851732918	14525550.0
LHB1B2_RWA3_heat_loss	heat	12h	100	2	14525600	14525700	0.2301034871	0.1117503865	-0.1183531006	0.0435906685906686	0.023919753086419703	-0.0196709155042489	14525650.0
LHB1B2_RWA3_heat_loss	heat	12h	100	2	14525700	14525800	0.2780897079	0.12558428559999998	-0.1525054223	0.032051282051282	0.0248229548229548	-0.0072283272283272	14525750.0
LHB1B2_RWA3_heat_loss	heat	12h	100	2	14525800	14525900	0.0	0.0	0.0	0.0324987402368354	0.021713306534735098	-0.0107854337021003	14525850.0
LHB1B2_RWA3_heat_loss	heat	12h	100	2	14525900	14526000	0.0	0.0	0.0	0.0230942582794434	0.0384773662551439	0.0153831079757005	14525950.0
LHB1B2_RWA3_heat_loss	heat	12h	100	2	14526000	14526100	0.0	0.0	0.0	0.0112135176651305	0.024467017347996098	0.0132534996828656	14526050.0
LHB1B2_RWA3_heat_loss	heat	12h	100	2	14526100	14526200	0.0	0.0	0.0	0.024603893489763	0.013470518678852	-0.011133374810911	14526150.0
LHB1B2_RWA3_heat_loss	heat	12h	100	2	14526200	14526300	0.0	0.0	0.0	0.0094165010226716	0.017437926058615598	0.008021425035944	14526250.0
LHB1B2_RWA3_heat_loss	heat	12h	100	2	14526300	14526400	0.0	0.0	0.0	0.0157752472969864	0.0316243740156782	0.0158491267186918	14526350.0
LHB1B2_RWA3_heat_loss	heat	12h	100	2	14526400	14526500	0.0	0.0	0.0	0.0215175565175565	0.0326471059804392	0.0111295494628827	14526450.0
LHB1B2_RWA3_heat_loss	heat	12h	100	2	14526500	14526600	0.0	0.0	0.0	0.0363501683501683	0.0109316979316979	-0.0254184704184704	14526550.0
LHB1B2_RWA3_heat_loss	heat	24h	100	2	14519500	14519600	0.0	0.0	0.0	0.0322140822140821	0.028894678690874198	-0.0033194035232079	14519550.0
LHB1B2_RWA3_heat_loss	heat	24h	100	2	14519600	14519700	0.0	0.0	0.0	0.028916847041847	0.006600487634970401	-0.0223163594068766	14519650.0
LHB1B2_RWA3_heat_loss	heat	24h	100	2	14519700	14519800	0.0	0.0	0.0	0.0474026129488313	0.015615337043908405	-0.0317872759049229	14519750.0
LHB1B2_RWA3_heat_loss	heat	24h	100	2	14519800	14519900	0.0	0.0	0.0	0.0309480676328502	0.019907407407407398	-0.0110406602254428	14519850.0
LHB1B2_RWA3_heat_loss	heat	24h	100	2	14519900	14520000	0.0	0.0	0.0	0.0105234371363403	0.0256893667861409	0.0151659296498006	14519950.0
LHB1B2_RWA3_heat_loss	heat	24h	100	2	14520000	14520100	0.0	0.0	0.0	0.0218650793650793	0.0260493827160492	0.0041843033509699	14520050.0
LHB1B2_RWA3_heat_loss	heat	24h	100	2	14520100	14520200	0.0	0.0	0.0	0.0059242308670225	0.0299096032791683	0.0239853724121458	14520150.0
LHB1B2_RWA3_heat_loss	heat	24h	100	2	14520200	14520300	0.0	0.0	0.0	0.0075396825396825	0.004889455782313	-0.0026502267573695	14520250.0
LHB1B2_RWA3_heat_loss	heat	24h	100	2	14520300	14520400	0.0	0.0	0.0	0.0363425925925925	0.0352751654475792	-0.0010674271450133	14520350.0
LHB1B2_RWA3_heat_loss	heat	24h	100	2	14520400	14520500	0.0	0.0	0.0	0.0469806763285023	0.0286529895225547	-0.0183276868059476	14520450.0
LHB1B2_RWA3_heat_loss	heat	24h	100	2	14520500	14520600	0.0	0.0	0.0	0.0417989417989417	0.002150537634408596	-0.0396484041645331	14520550.0
LHB1B2_RWA3_heat_loss	heat	24h	100	2	14520600	14520700	0.0	0.0	0.0	0.0161324786324786	0.030740466798158998	0.0146079881656804	14520650.0
LHB1B2_RWA3_heat_loss	heat	24h	100	2	14520700	14520800	0.0	0.0	0.0	0.0407809983896939	0.0150513285024154	-0.0257296698872785	14520750.0
LHB1B2_RWA3_heat_loss	heat	24h	100	2	14520800	14520900	0.0	0.0	0.0	0.0544871794871794	0.008821733821733797	-0.0456654456654456	14520850.0
LHB1B2_RWA3_heat_loss	heat	24h	100	2	14520900	14521000	0.0	0.0	0.0	0.0313846191382422	0.0240868454661557	-0.0072977736720865	14520950.0
LHB1B2_RWA3_heat_loss	heat	24h	100	2	14521000	14521100	0.0	0.0	0.0	0.0301011264720941	0.017784604881379	-0.0123165215907151	14521050.0
LHB1B2_RWA3_heat_loss	heat	24h	100	2	14521100	14521200	0.0	0.0	0.0	0.0296536796536796	0.0251803751803752	-0.0044733044733044	14521150.0
LHB1B2_RWA3_heat_loss	heat	24h	100	2	14521200	14521300	0.0	0.0	0.0	0.0331746031746031	0.0393333333333332	0.0061587301587301	14521250.0
LHB1B2_RWA3_heat_loss	heat	24h	100	2	14521300	14521400	0.0	0.0	0.0	0.0335555555555555	0.019913419913419897	-0.0136421356421356	14521350.0
LHB1B2_RWA3_heat_loss	heat	24h	100	2	14521400	14521500	0.0	0.0	0.0	0.0161396574440052	0.0	-0.0161396574440052	14521450.0
LHB1B2_RWA3_heat_loss	heat	24h	100	2	14521500	14521600	0.0	0.0	0.0	0.0553075396825396	0.040123456790123496	-0.0151840828924161	14521550.0
LHB1B2_RWA3_heat_loss	heat	24h	100	2	14521600	14521700	0.0	0.0	0.0	0.0509971509971509	0.0263358009511855	-0.0246613500459654	14521650.0
LHB1B2_RWA3_heat_loss	heat	24h	100	2	14521700	14521800	0.0	0.0	0.0	0.0380130084740144	0.017857142857142797	-0.0201558656168716	14521750.0
LHB1B2_RWA3_heat_loss	heat	24h	100	2	14521800	14521900	0.0	0.0	0.0	0.0225191475191474	0.0036907536907536988	-0.0188283938283937	14521850.0
LHB1B2_RWA3_heat_loss	heat	24h	100	2	14521900	14522000	0.0	0.0	0.0	0.0478395061728395	0.017631673881673898	-0.0302078322911656	14521950.0
LHB1B2_RWA3_heat_loss	heat	24h	100	2	14522000	14522100	0.0	0.0	0.0	0.0222056878306877	0.0220452069716775	-0.0001604808590102	14522050.0
LHB1B2_RWA3_heat_loss	heat	24h	100	2	14522100	14522200	0.0	0.0	0.0	0.0296606326466396	0.013977306218685499	-0.0156833264279541	14522150.0
LHB1B2_RWA3_heat_loss	heat	24h	100	2	14522200	14522300	0.0	0.0	0.0	0.0262626262626262	0.0120550745550746	-0.0142075517075516	14522250.0
LHB1B2_RWA3_heat_loss	heat	24h	100	2	14522300	14522400	0.0	0.0	0.0	0.0563803299097416	0.024766573295985	-0.0316137566137566	14522350.0
LHB1B2_RWA3_heat_loss	heat	24h	100	2	14522400	14522500	0.0	0.0	0.0	0.0651171579743007	0.016704459561602304	-0.0484126984126984	14522450.0
LHB1B2_RWA3_heat_loss	heat	24h	100	2	14522500	14522600	0.2301034871	0.0	-0.2301034871	0.0516604168778081	0.0315389924085576	-0.0201214244692505	14522550.0
LHB1B2_RWA3_heat_loss	heat	24h	100	2	14522600	14522700	1.3127782716	0.211808094	-1.1009701776	0.1124956851427439	0.1125837742504408	8.808910769690648e-05	14522650.0
LHB1B2_RWA3_heat_loss	heat	24h	100	2	14522700	14522800	0.3828184419	0.8711487469999999	0.4883303051	0.5713379124232514	0.5164858897289772	-0.0548520226942741	14522750.0
LHB1B2_RWA3_heat_loss	heat	24h	100	2	14522800	14522900	1.5005630322	1.6810751663	0.1805121341	0.5045156749568513	0.2936741363211952	-0.2108415386356561	14522850.0
LHB1B2_RWA3_heat_loss	heat	24h	100	2	14522900	14523000	0.9471681888	0.9975149825	0.0503467937	0.7540786613278191	0.7229729729729731	-0.0311056883548459	14522950.0
LHB1B2_RWA3_heat_loss	heat	24h	100	2	14523000	14523100	0.5664118567	0.45605971570000003	-0.110352141	0.7840277777777778	0.522859811565952	-0.2611679662118258	14523050.0
LHB1B2_RWA3_heat_loss	heat	24h	100	2	14523100	14523200	0.8463725075	1.0142720514	0.1678995439	0.748030303030303	0.5505050505050506	-0.1975252525252525	14523150.0
LHB1B2_RWA3_heat_loss	heat	24h	100	2	14523200	14523300	1.2228009925	0.7635081780000001	-0.4592928145	0.8177777777777777	0.6261823361823363	-0.1915954415954414	14523250.0
LHB1B2_RWA3_heat_loss	heat	24h	100	2	14523300	14523400	0.4034531146	0.418643444	0.0151903294	0.3744565436579956	0.3653120882740449	-0.0091444553839507	14523350.0
LHB1B2_RWA3_heat_loss	heat	24h	100	2	14523400	14523500	0.7929770856	0.18145947890000003	-0.6115176067	0.5774016203703703	0.22672371031746036	-0.35067791005291	14523450.0
LHB1B2_RWA3_heat_loss	heat	24h	100	2	14523500	14523600	1.0279943811	0.23148833260000012	-0.7965060485	0.4010310179665018	0.15606758832565282	-0.244963429640849	14523550.0
LHB1B2_RWA3_heat_loss	heat	24h	100	2	14523600	14523700	0.0	0.0	0.0	0.0194444444444444	0.0336683549646511	0.0142239105202067	14523650.0
LHB1B2_RWA3_heat_loss	heat	24h	100	2	14523700	14523800	0.0	0.0	0.0	0.0392677215257859	0.0358232879270747	-0.0034444335987112	14523750.0
LHB1B2_RWA3_heat_loss	heat	24h	100	2	14523800	14523900	0.0	0.0	0.0	0.0210631156283329	0.0254353134787915	0.0043721978504586	14523850.0
LHB1B2_RWA3_heat_loss	heat	24h	100	2	14523900	14524000	0.0	0.0	0.0	0.0352969631378722	0.0361402486402485	0.0008432855023763	14523950.0
LHB1B2_RWA3_heat_loss	heat	24h	100	2	14524000	14524100	0.0	0.0	0.0	0.05359404178338	0.0284749190080073	-0.0251191227753727	14524050.0
LHB1B2_RWA3_heat_loss	heat	24h	100	2	14524100	14524200	0.0	0.0	0.0	0.0299681337181336	0.019570707070707	-0.0103974266474266	14524150.0
LHB1B2_RWA3_heat_loss	heat	24h	100	2	14524200	14524300	0.0	0.0	0.0	0.05607430121319	0.031421767532878606	-0.0246525336803114	14524250.0
LHB1B2_RWA3_heat_loss	heat	24h	100	2	14524300	14524400	0.0	0.0	0.0	0.031951286261631	0.0320221022245009	7.081596286990371e-05	14524350.0
LHB1B2_RWA3_heat_loss	heat	24h	100	2	14524400	14524500	0.0	0.0	0.0	0.0142269253380364	0.0170301783264745	0.0028032529884381	14524450.0
LHB1B2_RWA3_heat_loss	heat	24h	100	2	14524500	14524600	0.0	0.0	0.0	0.0166615791615791	0.0325132275132274	0.0158516483516483	14524550.0
LHB1B2_RWA3_heat_loss	heat	24h	100	2	14524600	14524700	0.0	0.0	0.0	0.0143298059964726	0.0196649029982362	0.0053350970017636	14524650.0
LHB1B2_RWA3_heat_loss	heat	24h	100	2	14524700	14524800	0.0831925278	0.0	-0.0831925278	0.0102089268755935	0.032303807303807205	0.0220948804282137	14524750.0
LHB1B2_RWA3_heat_loss	heat	24h	100	2	14524800	14524900	0.2780897079	0.05002885369999999	-0.2280608542	0.0610164141414141	0.0432098765432099	-0.0178065375982042	14524850.0
LHB1B2_RWA3_heat_loss	heat	24h	100	2	14524900	14525000	0.020798132	0.0264760118	0.0056778798	0.034090909090909	0.0395622895622895	0.0054713804713805	14524950.0
LHB1B2_RWA3_heat_loss	heat	24h	100	2	14525000	14525100	0.2780897079	0.05002885369999999	-0.2280608542	0.0657894736842105	0.0315806878306879	-0.0342087858535226	14525050.0
LHB1B2_RWA3_heat_loss	heat	24h	100	2	14525100	14525200	0.7689839752	0.7839892279999999	0.0150052528	0.0113636363636363	0.0096153846153847	-0.0017482517482516	14525150.0
LHB1B2_RWA3_heat_loss	heat	24h	100	2	14525200	14525300	0.3387652738	0.4560597157	0.1172944419	0.0	0.1052631578947368	0.1052631578947368	14525250.0
LHB1B2_RWA3_heat_loss	heat	24h	100	2	14525300	14525400	0.5467465934	1.042209648	0.4954630546	0.0416666666666666	0.0027777777777776985	-0.0388888888888889	14525350.0
LHB1B2_RWA3_heat_loss	heat	24h	100	2	14525400	14525500	1.14659113	1.2544550243	0.1078638943	0.1914462081128747	0.007936507936507992	-0.1835097001763667	14525450.0
LHB1B2_RWA3_heat_loss	heat	24h	100	2	14525500	14525600	0.4159626392	0.2511685712	-0.164794068	0.0443117590295009	0.0308823529411765	-0.0134294060883244	14525550.0
LHB1B2_RWA3_heat_loss	heat	24h	100	2	14525600	14525700	0.2301034871	0.1117503865	-0.1183531006	0.0435906685906686	0.038825757575757604	-0.004764911014911	14525650.0
LHB1B2_RWA3_heat_loss	heat	24h	100	2	14525700	14525800	0.2780897079	0.12558428559999998	-0.1525054223	0.032051282051282	0.025976800976801	-0.006074481074481	14525750.0
LHB1B2_RWA3_heat_loss	heat	24h	100	2	14525800	14525900	0.0	0.0	0.0	0.0324987402368354	0.030555555555555496	-0.0019431846812799	14525850.0
LHB1B2_RWA3_heat_loss	heat	24h	100	2	14525900	14526000	0.0	0.0	0.0	0.0230942582794434	0.020827495102857398	-0.002266763176586	14525950.0
LHB1B2_RWA3_heat_loss	heat	24h	100	2	14526000	14526100	0.0	0.0	0.0	0.0112135176651305	0.029330265015748702	0.0181167473506182	14526050.0
LHB1B2_RWA3_heat_loss	heat	24h	100	2	14526100	14526200	0.0	0.0	0.0	0.024603893489763	0.032903439153439	0.008299545663676	14526150.0
LHB1B2_RWA3_heat_loss	heat	24h	100	2	14526200	14526300	0.0	0.0	0.0	0.0094165010226716	0.0382183908045976	0.028801889781926	14526250.0
LHB1B2_RWA3_heat_loss	heat	24h	100	2	14526300	14526400	0.0	0.0	0.0	0.0157752472969864	0.0341376015289058	0.0183623542319194	14526350.0
LHB1B2_RWA3_heat_loss	heat	24h	100	2	14526400	14526500	0.0	0.0	0.0	0.0215175565175565	0.013174603174603202	-0.0083429533429533	14526450.0
LHB1B2_RWA3_heat_loss	heat	24h	100	2	14526500	14526600	0.0	0.0	0.0	0.0363501683501683	0.0434715284715284	0.0071213601213601	14526550.0
LHB1B2_RWA3_heat_loss	heat	6h	500	2	14519500	14520000	0.0	0.0	0.0	0.0284906223698535	0.0212247994675932	-0.0072658229022603	14519750.0
LHB1B2_RWA3_heat_loss	heat	6h	500	2	14520000	14520500	0.0	0.0	0.0	0.0212257331653421	0.027996571051486	0.0067708378861439	14520250.0
LHB1B2_RWA3_heat_loss	heat	6h	500	2	14520500	14521000	0.0	0.0	0.0	0.0378234905109991	0.0153562075784297	-0.0224672829325694	14520750.0
LHB1B2_RWA3_heat_loss	heat	6h	500	2	14521000	14521500	0.0	0.0	0.0	0.0290529387423151	0.0277438475467265	-0.0013090911955886	14521250.0
LHB1B2_RWA3_heat_loss	heat	6h	500	2	14521500	14522000	0.0	0.0	0.0	0.0410300227304311	0.022252535921410996	-0.0187774868090201	14521750.0
LHB1B2_RWA3_heat_loss	heat	6h	500	2	14522000	14522500	0.0	0.0	0.0	0.0397639002167987	0.0252640583872255	-0.0144998418295732	14522250.0
LHB1B2_RWA3_heat_loss	heat	6h	500	2	14522500	14523000	4.3734314217	3.7615469898000002	-0.6118844319	0.3752785455307728	0.3000388397441265	-0.0752397057866463	14522750.0
LHB1B2_RWA3_heat_loss	heat	6h	500	2	14523000	14523500	3.8320155569	2.8339428679000003	-0.998072689	0.6183138489208634	0.4830924124818621	-0.1352214364390013	14523250.0
LHB1B2_RWA3_heat_loss	heat	6h	500	2	14523500	14524000	1.0279943811	0.23148833260000012	-0.7965060485	0.1151884012891475	0.08160920754204329	-0.0335791937471042	14523750.0
LHB1B2_RWA3_heat_loss	heat	6h	500	2	14524000	14524500	0.0	0.0	0.0	0.0347756420265041	0.0255457505457506	-0.0092298914807535	14524250.0
LHB1B2_RWA3_heat_loss	heat	6h	500	2	14524500	14525000	0.3820803677	0.07650486549999996	-0.3055755022	0.0214979386878066	0.0239590781257447	0.0024611394379381	14524750.0
LHB1B2_RWA3_heat_loss	heat	6h	500	2	14525000	14525500	3.0791766802	3.5867424695	0.5075657893	0.1368305794362132	0.018203292713096605	-0.1186272867231166	14525250.0
LHB1B2_RWA3_heat_loss	heat	6h	500	2	14525500	14526000	0.9241558342	0.4885032434	-0.4356525908	0.0355803693004979	0.0272875731934512	-0.0082927961070467	14525750.0
LHB1B2_RWA3_heat_loss	heat	6h	500	2	14526000	14526500	0.0	0.0	0.0	0.0159143148897247	0.0294688498752098	0.0135545349854851	14526250.0
LHB1B2_RWA3_heat_loss	heat	6h	500	2	14526500	14527000	0.0	0.0	0.0	0.0367856001418092	0.025026761813148196	-0.011758838328661	14526750.0
LHB1B2_RWA3_heat_loss	heat	12h	500	2	14519500	14520000	0.0	0.0	0.0	0.0284906223698535	0.0352916017369463	0.0068009793670928	14519750.0
LHB1B2_RWA3_heat_loss	heat	12h	500	2	14520000	14520500	0.0	0.0	0.0	0.0212257331653421	0.020910280802435	-0.0003154523629071	14520250.0
LHB1B2_RWA3_heat_loss	heat	12h	500	2	14520500	14521000	0.0	0.0	0.0	0.0378234905109991	0.0224241077463021	-0.015399382764697	14520750.0
LHB1B2_RWA3_heat_loss	heat	12h	500	2	14521000	14521500	0.0	0.0	0.0	0.0290529387423151	0.0301127921948589	0.0010598534525438	14521250.0
LHB1B2_RWA3_heat_loss	heat	12h	500	2	14521500	14522000	0.0	0.0	0.0	0.0410300227304311	0.036718869664606094	-0.004311153065825	14521750.0
LHB1B2_RWA3_heat_loss	heat	12h	500	2	14522000	14522500	0.0	0.0	0.0	0.0397639002167987	0.0322025613898992	-0.0075613388268995	14522250.0
LHB1B2_RWA3_heat_loss	heat	12h	500	2	14522500	14523000	4.3734314217	3.7615469898000002	-0.6118844319	0.3752785455307728	0.3223894972114569	-0.0528890483193159	14522750.0
LHB1B2_RWA3_heat_loss	heat	12h	500	2	14523000	14523500	3.8320155569	2.8339428679000003	-0.998072689	0.6183138489208634	0.49221523756480917	-0.1260986113560542	14523250.0
LHB1B2_RWA3_heat_loss	heat	12h	500	2	14523500	14524000	1.0279943811	0.23148833260000012	-0.7965060485	0.1151884012891475	0.07936064398350509	-0.0358277573056424	14523750.0
LHB1B2_RWA3_heat_loss	heat	12h	500	2	14524000	14524500	0.0	0.0	0.0	0.0347756420265041	0.026615603647689202	-0.0081600383788149	14524250.0
LHB1B2_RWA3_heat_loss	heat	12h	500	2	14524500	14525000	0.3820803677	0.07650486549999996	-0.3055755022	0.0214979386878066	0.0190670025565658	-0.0024309361312408	14524750.0
LHB1B2_RWA3_heat_loss	heat	12h	500	2	14525000	14525500	3.0791766802	3.5867424695	0.5075657893	0.1368305794362132	0.00896057347670251	-0.1278700059595107	14525250.0
LHB1B2_RWA3_heat_loss	heat	12h	500	2	14525500	14526000	0.9241558342	0.4885032434	-0.4356525908	0.0355803693004979	0.0219064340840373	-0.0136739352164606	14525750.0
LHB1B2_RWA3_heat_loss	heat	12h	500	2	14526000	14526500	0.0	0.0	0.0	0.0159143148897247	0.0230604507312157	0.007146135841491	14526250.0
LHB1B2_RWA3_heat_loss	heat	12h	500	2	14526500	14527000	0.0	0.0	0.0	0.0367856001418092	0.021539739155551497	-0.0152458609862577	14526750.0
LHB1B2_RWA3_heat_loss	heat	24h	500	2	14519500	14520000	0.0	0.0	0.0	0.0284906223698535	0.0194082874266858	-0.0090823349431677	14519750.0
LHB1B2_RWA3_heat_loss	heat	24h	500	2	14520000	14520500	0.0	0.0	0.0	0.0212257331653421	0.025034605156045	0.0038088719907029	14520250.0
LHB1B2_RWA3_heat_loss	heat	24h	500	2	14520500	14521000	0.0	0.0	0.0	0.0378234905109991	0.0160504473476909	-0.0217730431633082	14520750.0
LHB1B2_RWA3_heat_loss	heat	24h	500	2	14521000	14521500	0.0	0.0	0.0	0.0290529387423151	0.021431269587325497	-0.0076216691549896	14521250.0
LHB1B2_RWA3_heat_loss	heat	24h	500	2	14521500	14522000	0.0	0.0	0.0	0.0410300227304311	0.0207312355291505	-0.0202987872012806	14521750.0
LHB1B2_RWA3_heat_loss	heat	24h	500	2	14522000	14522500	0.0	0.0	0.0	0.0397639002167987	0.018462409397810603	-0.0213014908189881	14522250.0
LHB1B2_RWA3_heat_loss	heat	24h	500	2	14522500	14523000	4.3734314217	3.7615469898000002	-0.6118844319	0.3752785455307728	0.3244647531494479	-0.0508137923813249	14522750.0
LHB1B2_RWA3_heat_loss	heat	24h	500	2	14523000	14523500	3.8320155569	2.8339428679000003	-0.998072689	0.6183138489208634	0.406027787051337	-0.2122860618695264	14523250.0
LHB1B2_RWA3_heat_loss	heat	24h	500	2	14523500	14524000	1.0279943811	0.23148833260000012	-0.7965060485	0.1151884012891475	0.062290242758899494	-0.052898158530248	14523750.0
LHB1B2_RWA3_heat_loss	heat	24h	500	2	14524000	14524500	0.0	0.0	0.0	0.0347756420265041	0.025091991094664902	-0.0096836509318392	14524250.0
LHB1B2_RWA3_heat_loss	heat	24h	500	2	14524500	14525000	0.3820803677	0.07650486549999996	-0.3055755022	0.0214979386878066	0.029882949019211	0.0083850103314044	14524750.0
LHB1B2_RWA3_heat_loss	heat	24h	500	2	14525000	14525500	3.0791766802	3.5867424695	0.5075657893	0.1368305794362132	0.018219935201067308	-0.1186106442351459	14525250.0
LHB1B2_RWA3_heat_loss	heat	24h	500	2	14525500	14526000	0.9241558342	0.4885032434	-0.4356525908	0.0355803693004979	0.028495561485441898	-0.007084807815056	14525750.0
LHB1B2_RWA3_heat_loss	heat	24h	500	2	14526000	14526500	0.0	0.0	0.0	0.0159143148897247	0.0308534848203885	0.0149391699306638	14526250.0
LHB1B2_RWA3_heat_loss	heat	24h	500	2	14526500	14527000	0.0	0.0	0.0	0.0367856001418092	0.033825132655787696	-0.0029604674860215	14526750.0
AT1TE65110_65115_pathogen_gain	pathogen	6h	100	1	19704200	19704300	1.2196021149999998	0.0	-1.2196021149999998	0.1159420289855072	0.4666666666666667	0.3507246376811594	19704250.0
AT1TE65110_65115_pathogen_gain	pathogen	6h	100	1	19704300	19704400	10.88174066	22.86786342	11.98612276	0.217391304347826	0.4666666666666667	0.2492753623188406	19704350.0
AT1TE65110_65115_pathogen_gain	pathogen	6h	100	1	19706700	19706800	0.863189315	0.0	-0.863189315	0.0	0.0153846153846153	0.0153846153846153	19706750.0
AT1TE65110_65115_pathogen_gain	pathogen	14h	100	1	19704200	19704300	5.143697115	0.0	-5.143697115	0.1159420289855072	0.4666666666666667	0.3507246376811594	19704250.0
AT1TE65110_65115_pathogen_gain	pathogen	14h	100	1	19704300	19704400	8.39544687	33.42011671	25.02466984	0.217391304347826	0.4666666666666667	0.2492753623188406	19704350.0
AT1TE65110_65115_pathogen_gain	pathogen	14h	100	1	19706700	19706800	0.0	0.0	0.0	0.0	0.0153846153846153	0.0153846153846153	19706750.0
AT1TE65110_65115_pathogen_gain	pathogen	6h	500	1	19704000	19704500	12.10134277	22.86786342	10.76652065	0.1413043478260869	0.4666666666666667	0.3253623188405797	19704250.0
AT1TE65110_65115_pathogen_gain	pathogen	6h	500	1	19706000	19706500	1.116577575	0.0	-1.116577575	0.0310077519379844	0.0815217391304347	0.0505139871924502	19706250.0
AT1TE65110_65115_pathogen_gain	pathogen	6h	500	1	19706500	19707000	1.116577575	0.0	-1.116577575	0.0151515151515151	0.0117647058823529	-0.0033868092691622	19706750.0
AT1TE65110_65115_pathogen_gain	pathogen	14h	500	1	19704000	19704500	13.539143985	33.42011671	19.880972725	0.1413043478260869	0.4666666666666667	0.3253623188405797	19704250.0
AT1TE65110_65115_pathogen_gain	pathogen	14h	500	1	19706000	19706500	0.0	0.0	0.0	0.0310077519379844	0.0815217391304347	0.0505139871924502	19706250.0
AT1TE65110_65115_pathogen_gain	pathogen	14h	500	1	19706500	19707000	0.0	2.22800778	2.22800778	0.0151515151515151	0.0117647058823529	-0.0033868092691622	19706750.0
NIP4_pathogen_loss	pathogen	6h	100	5	15048300	15048400	54.06037074	12.49082337	-41.56954737	0.6463414634146342	0.2285714285714285	-0.4177700348432056	15048350.0
NIP4_pathogen_loss	pathogen	14h	100	5	15048300	15048400	62.96936992	45.36954669	-17.59982323	0.6463414634146342	0.2285714285714285	-0.4177700348432056	15048350.0
NIP4_pathogen_loss	pathogen	6h	500	5	15048000	15048500	54.313759000000005	12.49082337	-41.82293563	0.2446351931330472	0.0439024390243902	-0.2007327541086569	15048250.0
NIP4_pathogen_loss	pathogen	14h	500	5	15048000	15048500	62.96936992	45.36954669	-17.59982323	0.2446351931330472	0.0439024390243902	-0.2007327541086569	15048250.0
