chr	start	end	CTRL1	CTRL2	CTRL3	HEAT6_1	HEAT6_2	HEAT6_3	HEAT12_1	HEAT12_2	HEAT12_3	HEAT24_1	HEAT24_2	HEAT24_3	CTRLmean	HEAT6mean	HEAT12mean	HEAT24mean	deltaCG_6h	deltaCG_12h	deltaCG_24h
1	27990900	27991000	0.0416666666666666	0.0486111111111111	0.0208333333333333	0.0	0.0833333333333333	0.0	0.0267094017094016	0.0238095238095238	0.0461538461538461	0.0	0.0	0.0	0.037037037037037	0.0277777777777777	0.0322242572242572	0.0	-0.0092592592592592	-0.0048127798127798	-0.037037037037037
1	27991000	27991100	0.015625	0.0	0.0	0.0	0.0625	0.0142857142857142	0.0	0.0	0.0333333333333333	0.0357142857142857	0.0	0.0178571428571428	0.0052083333333333	0.025595238095238	0.0111111111111111	0.0178571428571428	0.0203869047619047	0.0059027777777777	0.0126488095238095
1	27991100	27991200	0.0	0.25	0.0	0.0	0.0	0.0	0.0	0.25	0.0	0.0	0.0	0.0	0.0833333333333333	0.0	0.0833333333333333	0.0	-0.0833333333333333	0.0	-0.0833333333333333
1	27991200	27991300	0.0227272727272727	0.1428571428571428	0.4722222222222222	0.0	0.0636363636363636	0.3030303030303031	0.0646464646464646	0.1	0.3463203463203463	0.2045454545454545	0.3060606060606061	0.2424242424242423	0.2126022126022126	0.1222222222222222	0.1703222703222703	0.2510101010101009	-0.0903799903799903	-0.0422799422799422	0.0384078884078883
1	27991300	27991400	0.1871794871794871	0.2777777777777778	0.4807692307692308	0.2948717948717949	0.5	0.3846153846153846	0.3384615384615385	0.2916666666666667	0.4302197802197802	0.4358974358974359	0.3807692307692308	0.0	0.3152421652421652	0.3931623931623931	0.3534493284493284	0.2722222222222222	0.0779202279202279	0.0382071632071632	-0.043019943019943
1	27991400	27991500	0.1651234567901234	0.4666666666666667	0.528125	0.1759259259259259	0.3583333333333334	0.387962962962963	0.0357142857142857	0.0357142857142857	0.3333333333333333	0.0	0.4163265306122448	0.2450980392156861	0.3866383744855966	0.3074074074074074	0.1349206349206349	0.2204748566093103	-0.0792309670781892	-0.2517177395649617	-0.1661635178762862
1	27991500	27991600	0.1397031539888683	0.6145833333333334	0.4597222222222223	0.199020979020979	0.6606060606060606	0.2947619047619047	0.0178571428571428	0.4833333333333333	0.171111111111111	0.2530952380952381	0.6723104056437391	0.4038095238095239	0.4046695698481413	0.3847963147963147	0.2241005291005291	0.443071722516167	-0.0198732550518265	-0.1805690407476122	0.0384021526680257
1	27991600	27991700	0.1130952380952381	0.5399999999999999	0.5410714285714285	0.0694083694083694	0.3738080101716464	0.5363636363636364	0.0	0.1748484848484848	0.2965367965367964	0.2848484848484849	0.2032828282828283	0.1496913580246913	0.3980555555555555	0.3265266719812174	0.1571284271284271	0.2126075570520015	-0.0715288835743381	-0.2409271284271284	-0.185447998503554
1	27991700	27991800	0.123917748917749	0.6666666666666667	0.5	0.421875	0.6645658263305323	0.7351190476190474	0.0	0.3093749999999999	0.525	0.1964285714285714	0.4066142191142191	0.3547619047619048	0.4301948051948052	0.60718662464986	0.278125	0.3192682317682317	0.1769918194550547	-0.1520698051948052	-0.1109265734265734
1	27991800	27991900	0.1742424242424245	0.3333333333333335	1.0	0.4	0.5300925925925927	0.8250000000000001	0.0227272727272727	0.2083333333333333	0.5555555555555557	0.330128205128205	0.425	0.5357142857142856	0.5025252525252527	0.5850308641975309	0.2622053872053873	0.4302808302808302	0.0825056116722782	-0.2403198653198654	-0.0722444222444224
1	27991900	27992000	0.0	0.0	0.1666666666666665	0.0	0.1785714285714287	0.0590277777777777	0.0	0.0625	0.03125	0.025	0.0	0.0729166666666667	0.0555555555555555	0.0791997354497355	0.03125	0.0326388888888889	0.02364417989418	-0.0243055555555554	-0.0229166666666665
1	27992100	27992200	0.1730392156862744	0.1666666666666666	0.4444444444444445	0.3589285714285715	0.6	0.13	0.0	0.25	0.0	0.0	0.65	0.15	0.2613834422657952	0.3629761904761905	0.0833333333333333	0.2666666666666666	0.1015927482103953	-0.1780501089324618	0.0052832244008714
1	27992200	27992300	0.1130952380952381	0.125	0.393939393939394	0.1801282051282051	0.1418367346938775	0.1858465608465608	0.0544871794871794	0.1235119047619048	0.0333333333333333	0.0178571428571428	0.375	0.125	0.2106782106782107	0.1692705002228811	0.0704441391941392	0.1726190476190476	-0.0414077104553295	-0.1402340714840714	-0.038059163059163
1	27992300	27992400	0.2792207792207792	0.0	0.0	0.0	0.4125	0.1572420634920635	0.2119791666666665	0.6035714285714286	0.125	0.0	0.0	0.0	0.093073593073593	0.1899140211640211	0.313516865079365	0.0	0.096840428090428	0.2204432720057719	-0.093073593073593
1	27992400	27992500	0.0	0.0	0.4	0.125	0.428571428571429	0.4642857142857145	0.28125	0.142857142857143	0.285714285714286	0.5333333333333333	0.6	0.142857142857143	0.1333333333333333	0.3392857142857146	0.236607142857143	0.4253968253968254	0.2059523809523812	0.1032738095238096	0.2920634920634921
1	27992500	27992600	0.0	0.0	0.4	0.0	0.5714285714285715	0.0	0.25	0.142857142857143	0.0	0.0	0.111111111111111	0.125	0.1333333333333333	0.1904761904761905	0.130952380952381	0.0787037037037036	0.0571428571428571	-0.0023809523809523	-0.0546296296296296
1	27992600	27992700	0.0178571428571428	0.188888888888889	0.3714285714285715	0.3480392156862744	0.2678571428571428	0.1904761904761905	0.0625	0.0590277777777777	0.1451048951048952	0.2489801864801865	0.0972222222222223	0.0208333333333333	0.1927248677248677	0.2687908496732025	0.0888775576275576	0.1223452473452473	0.0760659819483347	-0.1038473100973101	-0.0703796203796204
1	27992700	27992800	0.5672619047619047	0.3645833333333332	0.6799999999999999	0.3163194444444445	0.4666666666666667	0.4523809523809524	0.478583916083916	0.4104166666666666	0.4333333333333333	0.3170995670995671	0.3779761904761904	0.53125	0.5372817460317459	0.4117890211640212	0.440777972027972	0.4087752525252525	-0.1254927248677247	-0.0965037740037739	-0.1285064935064934
1	27993100	27993200	0.0	0.0	0.0761904761904762	0.0	0.0	0.0142857142857142	0.0119047619047619	0.0	0.0590277777777777	0.078781512605042	0.0	0.0	0.0253968253968254	0.0047619047619047	0.0236441798941798	0.0262605042016806	-0.0206349206349206	-0.0017526455026455	0.0008636788048552
1	27993200	27993300	0.0	0.0	0.0	0.0	0.0	0.0	0.0	0.125	0.0	0.0	0.125	0.0	0.0	0.0	0.0416666666666666	0.0416666666666666	0.0	0.0416666666666666	0.0416666666666666
1	27993300	27993400	0.0	0.0666666666666666	0.0666666666666666	0.0267094017094016	0.0512820512820513	0.0	0.0	0.0	0.0357142857142857	0.0	0.0	0.0	0.0444444444444444	0.025997150997151	0.0119047619047619	0.0	-0.0184472934472934	-0.0325396825396825	-0.0444444444444444
1	27993400	27993500	0.0	0.1666666666666666	0.125	0.0	0.0	0.0	0.0125	0.0	0.0	0.0	0.0	0.0	0.0972222222222222	0.0	0.0041666666666666	0.0	-0.0972222222222222	-0.0930555555555555	-0.0972222222222222
1	27993500	27993600	0.0	0.0	0.0571428571428571	0.0	0.0	0.0	0.015625	0.0476190476190475	0.0357142857142857	0.0	0.0	0.0333333333333333	0.019047619047619	0.0	0.0329861111111111	0.0111111111111111	-0.019047619047619	0.013938492063492	-0.0079365079365079
